appointmentId,maskedRegNum,cityId,listingPrice,carName,make,model,variant,year,transmissionType,bodyType,fuelType,ownership,registrationDate,cityRto,color,odometer,emiDetails,modelGroup,oemServiceHistoryAvailable,fitnessAge,features
10287745775,KA53**0937,4709,604000,Honda City,Honda,City,1.5L I-VTEC VX CVT,2015,"{'value': 'Automatic', 'display': 'Auto'}",Sedan,Petrol,2,1420070400000,KA53,Red,"{'value': 72602, 'display': '72.60k km'}","{'cashDownPayment': 0, 'emiStartingValue': 13436, 'emiEndingValue': 13436, 'roiMinDiscounted': 12.0, 'roiMaxDiscounted': 12.0, 'roiMinOriginal': 12.0, 'roiMaxOriginal': 12.0, 'emiOriginalStartingValue': 13436, 'emiOriginalEndingValue': 13436, 'tenure': 60, 'displayText': 'EMI ₹13,436/m', 'notAvailableText': 'Not available on EMI'}",City,False,15,"['RearAc', 'Sunroof/Moonroof', 'LeatherSeats', 'AlloyWheels', 'Bluetooth', 'ParkingAssist', 'CruiseControl']"
10327527752,MH01**2391,2378,343380,Maruti Celerio,Maruti,Celerio,ZXI AMT (O),2018,"{'value': 'Automatic', 'display': 'Auto'}",Hatchback,Petrol,2,1522540800000,MH01,Silver,"{'value': 65879, 'display': '65.88k km'}","{'cashDownPayment': 0, 'emiStartingValue': 6713, 'emiEndingValue': 6713, 'roiMinDiscounted': 12.0, 'roiMaxDiscounted': 12.0, 'roiMinOriginal': 12.0, 'roiMaxOriginal': 12.0, 'emiOriginalStartingValue': 6713, 'emiOriginalEndingValue': 6713, 'tenure': 72, 'displayText': 'EMI ₹6,713/m', 'notAvailableText': 'Not available on EMI'}",Celerio,False,15,"['Bluetooth', 'ParkingAssist', 'TopModel']"
13571624709,GJ05**8862,1605,1148000,KIA SELTOS,KIA,SELTOS,HTX IVT 1.5 PETROL,2020,"{'value': 'Automatic', 'display': 'Auto'}",SUV,Petrol,1,1590969600000,GJ05,Silver,"{'value': 21057, 'display': '21.06k km'}","{'cashDownPayment': 0, 'emiStartingValue': 21851, 'emiEndingValue': 21851, 'roiMinDiscounted': 11.0, 'roiMaxDiscounted': 11.0, 'roiMinOriginal': 12.0, 'roiMaxOriginal': 12.0, 'emiOriginalStartingValue': 22444, 'emiOriginalEndingValue': 22444, 'tenure': 72, 'displayText': 'EMI ₹21,851/m', 'notAvailableText': 'Not available on EMI'}",SELTOS,False,15,"['InfotainmentSystem', 'RearAc', 'LeatherSeats', 'AlloyWheels', 'Bluetooth', 'AppleCarplayAndroidAuto', 'ParkingAssist', 'CruiseControl', 'PushButtonStart', 'TopModel', 'GpsNavigation', 'Tpms']"
DLR1001962,OD07**0645,7323,1150000,Maruti XL6,Maruti,XL6,ALPHA PLUS MT,2023,"{'value': 'Manual', 'display': 'Manual'}",SUV,Petrol,1,1677628800000,OD07,Blue,"{'value': 2819, 'display': '2.82k km'}","{'cashDownPayment': 0, 'emiStartingValue': 21889, 'emiEndingValue': 21889, 'roiMinDiscounted': 11.0, 'roiMaxDiscounted': 11.0, 'roiMinOriginal': 12.0, 'roiMaxOriginal': 12.0, 'emiOriginalStartingValue': 22483, 'emiOriginalEndingValue': 22483, 'tenure': 72, 'displayText': 'EMI ₹21,889/m', 'notAvailableText': 'Not available on EMI'}",XL6,False,15,"['InfotainmentSystem', 'RearAc', 'LeatherSeats', 'AlloyWheels', 'Bluetooth', 'AppleCarplayAndroidAuto', 'ParkingAssist', 'CruiseControl', 'PushButtonStart', '360DegreeCamera', 'VentilatedSeats', 'Tpms']"
DLR1000806,MH04**4449,2598,483317,Toyota Innova,Toyota,Innova,2.5 G4 8 STR,2011,"{'value': 'Manual', 'display': 'Manual'}",SUV,Diesel,1,1314835200000,MH04,Silver,"{'value': 109667, 'display': '1.1L km'}","{'cashDownPayment': 0, 'emiStartingValue': 9449, 'emiEndingValue': 9449, 'roiMinDiscounted': 12.0, 'roiMaxDiscounted': 12.0, 'roiMinOriginal': 12.0, 'roiMaxOriginal': 12.0, 'emiOriginalStartingValue': 9449, 'emiOriginalEndingValue': 9449, 'tenure': 0, 'displayText': 'EMI ₹9,449/m', 'notAvailableText': 'Not available on EMI'}",Innova,False,14,['RearAc']
12248247798,******XXXX,4408,784000,Hyundai GRAND I10 NIOS,Hyundai,GRAND I10 NIOS,SPORTZ 1.2 KAPPA VTVT CNG,2023,"{'value': 'Manual', 'display': 'Manual'}",Hatchback,Petrol,1,1680307200000,AP39,Green,"{'value': 15029, 'display': '15.03k km'}","{'cashDownPayment': 0, 'emiStartingValue': 15327, 'emiEndingValue': 15327, 'roiMinDiscounted': 12.0, 'roiMaxDiscounted': 12.0, 'roiMinOriginal': 12.0, 'roiMaxOriginal': 12.0, 'emiOriginalStartingValue': 15327, 'emiOriginalEndingValue': 15327, 'tenure': 72, 'displayText': 'EMI ₹15,327/m', 'notAvailableText': 'Not available on EMI'}",i10,False,15,"['InfotainmentSystem', 'RearAc', 'Bluetooth', 'AppleCarplayAndroidAuto', 'ParkingAssist', 'Tpms']"
10059147712,DL10**1013,2,855000,KIA SONET,KIA,SONET,HTX 1.5,2021,"{'value': 'Manual', 'display': 'Manual'}",SUV,Diesel,1,1622505600000,DL10,Red,"{'value': 30103, 'display': '30.10k km'}","{'cashDownPayment': 0, 'emiStartingValue': 16274, 'emiEndingValue': 16274, 'roiMinDiscounted': 11.0, 'roiMaxDiscounted': 11.0, 'roiMinOriginal': 12.0, 'roiMaxOriginal': 12.0, 'emiOriginalStartingValue': 16715, 'emiOriginalEndingValue': 16715, 'tenure': 72, 'displayText': 'EMI ₹16,274/m', 'notAvailableText': 'Not available on EMI'}",SONET,False,10,"['InfotainmentSystem', 'RearAc', 'Sunroof/Moonroof', 'LeatherSeats', 'AlloyWheels', 'Bluetooth', 'AppleCarplayAndroidAuto', 'ParkingAssist', 'CruiseControl', 'PushButtonStart']"
11093541759,HR51**6284,6,1150000,MG HECTOR,MG,HECTOR,SHARP 1.5 DCT PETROL,2020,"{'value': 'Automatic', 'display': 'Auto'}",SUV,Petrol,1,1598918400000,HR51,White,"{'value': 47685, 'display': '47.69k km'}","{'cashDownPayment': 0, 'emiStartingValue': 21889, 'emiEndingValue': 21889, 'roiMinDiscounted': 11.0, 'roiMaxDiscounted': 11.0, 'roiMinOriginal': 12.0, 'roiMaxOriginal': 12.0, 'emiOriginalStartingValue': 22483, 'emiOriginalEndingValue': 22483, 'tenure': 72, 'displayText': 'EMI ₹21,889/m', 'notAvailableText': 'Not available on EMI'}",HECTOR,False,15,"['InfotainmentSystem', 'RearAc', 'Sunroof/Moonroof', 'LeatherSeats', 'AlloyWheels', 'Bluetooth', 'AppleCarplayAndroidAuto', 'ParkingAssist', 'CruiseControl', 'PushButtonStart', 'TopModel', '360DegreeCamera', 'GpsNavigation', 'Tpms']"
11322521798,TN12**2799,5732,730000,Toyota URBAN CRUISER,Toyota,URBAN CRUISER,MID GRADE AT,2022,"{'value': 'Automatic', 'display': 'Auto'}",SUV,Petrol,1,1659312000000,TN12,Silver,"{'value': 50684, 'display': '50.68k km'}","{'cashDownPayment': 0, 'emiStartingValue': 14272, 'emiEndingValue': 14272, 'roiMinDiscounted': 12.0, 'roiMaxDiscounted': 12.0, 'roiMinOriginal': 12.0, 'roiMaxOriginal': 12.0, 'emiOriginalStartingValue': 14272, 'emiOriginalEndingValue': 14272, 'tenure': 72, 'displayText': 'EMI ₹14,272/m', 'notAvailableText': 'Not available on EMI'}",URBAN CRUISER,False,15,"['Bluetooth', 'ParkingAssist', 'PushButtonStart']"
10799041773,RJ32**6141,2130,1195000,Jeep Compass,Jeep,Compass,SPORT PLUS 1.4 PETROL,2019,"{'value': 'Manual', 'display': 'Manual'}",SUV,Petrol,1,1567296000000,RJ32,White,"{'value': 62092, 'display': '62.09k km'}","{'cashDownPayment': 0, 'emiStartingValue': 22746, 'emiEndingValue': 22746, 'roiMinDiscounted': 11.0, 'roiMaxDiscounted': 11.0, 'roiMinOriginal': 12.0, 'roiMaxOriginal': 12.0, 'emiOriginalStartingValue': 23362, 'emiOriginalEndingValue': 23362, 'tenure': 72, 'displayText': 'EMI ₹22,746/m', 'notAvailableText': 'Not available on EMI'}",Compass,False,15,"['InfotainmentSystem', 'RearAc', 'AlloyWheels', 'Bluetooth', 'ParkingAssist']"
12021829768,HR05**8534,6,375000,Maruti Swift Dzire,Maruti,Swift Dzire,ZXI,2015,"{'value': 'Manual', 'display': 'Manual'}",Sedan,Petrol,1,1435708800000,HR05,White,"{'value': 63571, 'display': '63.57k km'}","{'cashDownPayment': 0, 'emiStartingValue': 8342, 'emiEndingValue': 8342, 'roiMinDiscounted': 12.0, 'roiMaxDiscounted': 12.0, 'roiMinOriginal': 12.0, 'roiMaxOriginal': 12.0, 'emiOriginalStartingValue': 8342, 'emiOriginalEndingValue': 8342, 'tenure': 60, 'displayText': 'EMI ₹8,342/m', 'notAvailableText': 'Not available on EMI'}",Dzire,False,15,"['AlloyWheels', 'Bluetooth', 'ParkingAssist', 'TopModel']"
15203245774,******XXXX,2310,1000000,Volkswagen TAIGUN,Volkswagen,TAIGUN,COMFORTLINE 1.0 TSI MT,2022,"{'value': 'Manual', 'display': 'Manual'}",SUV,Petrol,1,1661990400000,RJ19,Silver,"{'value': 23848, 'display': '23.85k km'}","{'cashDownPayment': 0, 'emiStartingValue': 19034, 'emiEndingValue': 19034, 'roiMinDiscounted': 11.0, 'roiMaxDiscounted': 11.0, 'roiMinOriginal': 12.0, 'roiMaxOriginal': 12.0, 'emiOriginalStartingValue': 19550, 'emiOriginalEndingValue': 19550, 'tenure': 72, 'displayText': 'EMI ₹19,034/m', 'notAvailableText': 'Not available on EMI'}",TAIGUN,False,15,"['InfotainmentSystem', 'RearAc', 'Bluetooth', 'AppleCarplayAndroidAuto', 'ParkingAssist', 'Tpms']"
DLR1001620,MH09**3024,2598,990000,Toyota Innova,Toyota,Innova,2.5 VX 7 STR,2015,"{'value': 'Manual', 'display': 'Manual'}",SUV,Diesel,1,1425168000000,MH09,Silver,"{'value': 181223, 'display': '1.8L km'}","{'cashDownPayment': 0, 'emiStartingValue': 25587, 'emiEndingValue': 25587, 'roiMinDiscounted': 11.0, 'roiMaxDiscounted': 11.0, 'roiMinOriginal': 12.0, 'roiMaxOriginal': 12.0, 'emiOriginalStartingValue': 26070, 'emiOriginalEndingValue': 26070, 'tenure': 48, 'displayText': 'EMI ₹25,587/m', 'notAvailableText': 'Not available on EMI'}",Innova,False,14,"['RearAc', 'AlloyWheels', 'Bluetooth', 'ParkingAssist']"
20420748773,******XXXX,1771,1446000,Hyundai Creta,Hyundai,Creta,SX (O) AT 1.5 DIESEL,2022,"{'value': 'Automatic', 'display': 'Auto'}",SUV,Diesel,2,1648771200000,GJ23,White,"{'value': 55191, 'display': '55.19k km'}","{'cashDownPayment': 0, 'emiStartingValue': 27523, 'emiEndingValue': 27523, 'roiMinDiscounted': 11.0, 'roiMaxDiscounted': 11.0, 'roiMinOriginal': 12.0, 'roiMaxOriginal': 12.0, 'emiOriginalStartingValue': 28270, 'emiOriginalEndingValue': 28270, 'tenure': 72, 'displayText': 'EMI ₹27,523/m', 'notAvailableText': 'Not available on EMI'}",Creta,False,14,"['InfotainmentSystem', 'RearAc', 'Sunroof/Moonroof', 'LeatherSeats', 'AlloyWheels', 'Bluetooth', 'AppleCarplayAndroidAuto', 'ParkingAssist', 'CruiseControl', 'PushButtonStart', 'TopModel', 'VentilatedSeats', 'GpsNavigation', 'Tpms']"
10337827706,MH46**5695,2378,370000,Maruti S PRESSO,Maruti,S PRESSO,VXI AMT,2021,"{'value': 'Automatic', 'display': 'Auto'}",Hatchback,Petrol,1,1609459200000,MH46,Silver,"{'value': 32017, 'display': '32.02k km'}","{'cashDownPayment': 0, 'emiStartingValue': 7234, 'emiEndingValue': 7234, 'roiMinDiscounted': 12.0, 'roiMaxDiscounted': 12.0, 'roiMinOriginal': 12.0, 'roiMaxOriginal': 12.0, 'emiOriginalStartingValue': 7234, 'emiOriginalEndingValue': 7234, 'tenure': 72, 'displayText': 'EMI ₹7,234/m', 'notAvailableText': 'Not available on EMI'}",S PRESSO,False,15,"['Bluetooth', 'ParkingAssist', 'TopModel']"
11327545788,*****XXXX,5732,450000,Ford Ecosport,Ford,Ecosport,TITANIUM+ 1.5L DIESEL,2016,"{'value': 'Manual', 'display': 'Manual'}",SUV,Diesel,3,1485907200000,TN14,Black,"{'value': 91704, 'display': '91.70k km'}","{'cashDownPayment': 0, 'emiStartingValue': 10010, 'emiEndingValue': 10010, 'roiMinDiscounted': 12.0, 'roiMaxDiscounted': 12.0, 'roiMinOriginal': 12.0, 'roiMaxOriginal': 12.0, 'emiOriginalStartingValue': 10010, 'emiOriginalEndingValue': 10010, 'tenure': 60, 'displayText': 'EMI ₹10,010/m', 'notAvailableText': 'Not available on EMI'}",Ecosport,False,14,"['LeatherSeats', 'AlloyWheels', 'Bluetooth', 'ParkingAssist', 'PushButtonStart', 'TopModel']"
10285948794,KA01**7480,4709,266000,Hyundai Eon,Hyundai,Eon,ERA +,2014,"{'value': 'Manual', 'display': 'Manual'}",Hatchback,Petrol,1,1417392000000,KA01,Blue,"{'value': 38044, 'display': '38.04k km'}","{'cashDownPayment': 0, 'emiStartingValue': 7005, 'emiEndingValue': 7005, 'roiMinDiscounted': 12.0, 'roiMaxDiscounted': 12.0, 'roiMinOriginal': 12.0, 'roiMaxOriginal': 12.0, 'emiOriginalStartingValue': 7005, 'emiOriginalEndingValue': 7005, 'tenure': 48, 'displayText': 'EMI ₹7,005/m', 'notAvailableText': 'Not available on EMI'}",Eon,False,15,[]
12402122708,******XXXX,2598,639000,Maruti S Cross,Maruti,S Cross,ZETA 1.3,2018,"{'value': 'Manual', 'display': 'Manual'}",SUV,Diesel,1,1527811200000,MH15,Silver,"{'value': 260981, 'display': '2.6L km'}","{'cashDownPayment': 0, 'emiStartingValue': 14214, 'emiEndingValue': 14214, 'roiMinDiscounted': 12.0, 'roiMaxDiscounted': 12.0, 'roiMinOriginal': 12.0, 'roiMaxOriginal': 12.0, 'emiOriginalStartingValue': 14214, 'emiOriginalEndingValue': 14214, 'tenure': 60, 'displayText': 'EMI ₹14,214/m', 'notAvailableText': 'Not available on EMI'}",S Cross,False,14,"['InfotainmentSystem', 'AlloyWheels', 'Bluetooth', 'AppleCarplayAndroidAuto', 'ParkingAssist', 'CruiseControl', 'PushButtonStart', 'SpecialRegNo', 'GpsNavigation']"
DLR1000993,DL1C**3863,2,2895000,Ford Endeavour,Ford,Endeavour,TITANIUM PLUS 2.2 4X2 AT SUNROOF,2019,"{'value': 'Automatic', 'display': 'Auto'}",SUV,Diesel,1,1580515200000,DL1C,Black,"{'value': 55913, 'display': '55.91k km'}","{'cashDownPayment': 0, 'emiStartingValue': 74823, 'emiEndingValue': 74823, 'roiMinDiscounted': 11.0, 'roiMaxDiscounted': 11.0, 'roiMinOriginal': 12.0, 'roiMaxOriginal': 12.0, 'emiOriginalStartingValue': 76236, 'emiOriginalEndingValue': 76236, 'tenure': 48, 'displayText': 'EMI ₹74,823/m', 'notAvailableText': 'Not available on EMI'}",Endeavour,False,10,"['InfotainmentSystem', 'RearAc', 'Sunroof/Moonroof', 'LeatherSeats', 'AlloyWheels', 'Bluetooth', 'AppleCarplayAndroidAuto', 'ParkingAssist', 'CruiseControl', 'PushButtonStart', 'TopModel', 'GpsNavigation', 'Tpms']"
19721241794,******XXXX,553,86000,Ford Figo,Ford,Figo,ZXI 1.2 PETROL,2011,"{'value': 'Manual', 'display': 'Manual'}",Hatchback,Petrol,3,1296518400000,UP85,Silver,"{'value': 158337, 'display': '1.6L km'}","{'cashDownPayment': 0, 'emiStartingValue': 7641, 'emiEndingValue': 7641, 'roiMinDiscounted': 12.0, 'roiMaxDiscounted': 12.0, 'roiMinOriginal': 12.0, 'roiMaxOriginal': 12.0, 'emiOriginalStartingValue': 7641, 'emiOriginalEndingValue': 7641, 'tenure': 12, 'displayText': 'EMI ₹7,641/m', 'notAvailableText': 'Not available on EMI'}",Figo,False,15,"['Bluetooth', 'TopModel']"
24979248793,*****XXXX,2889,600000,Hyundai Creta,Hyundai,Creta,E PLUS 1.6 PETROL,2018,"{'value': 'Manual', 'display': 'Manual'}",SUV,Petrol,1,1530403200000,GA08,Silver,"{'value': 181754, 'display': '1.8L km'}","{'cashDownPayment': 0, 'emiStartingValue': 13347, 'emiEndingValue': 13347, 'roiMinDiscounted': 12.0, 'roiMaxDiscounted': 12.0, 'roiMinOriginal': 12.0, 'roiMaxOriginal': 12.0, 'emiOriginalStartingValue': 13347, 'emiOriginalEndingValue': 13347, 'tenure': 60, 'displayText': 'EMI ₹13,347/m', 'notAvailableText': 'Not available on EMI'}",Creta,False,15,"['InfotainmentSystem', 'RearAc', 'Bluetooth']"
14716022700,HR20**3865,5,1147000,KIA SELTOS,KIA,SELTOS,GTX AT 1.4 PETROL,2020,"{'value': 'Automatic', 'display': 'Auto'}",SUV,Petrol,1,1598918400000,HR20,Silver,"{'value': 28599, 'display': '28.60k km'}","{'cashDownPayment': 0, 'emiStartingValue': 21832, 'emiEndingValue': 21832, 'roiMinDiscounted': 11.0, 'roiMaxDiscounted': 11.0, 'roiMinOriginal': 12.0, 'roiMaxOriginal': 12.0, 'emiOriginalStartingValue': 22424, 'emiOriginalEndingValue': 22424, 'tenure': 72, 'displayText': 'EMI ₹21,832/m', 'notAvailableText': 'Not available on EMI'}",SELTOS,False,15,"['InfotainmentSystem', 'RearAc', 'LeatherSeats', 'AlloyWheels', 'Bluetooth', 'AppleCarplayAndroidAuto', 'ParkingAssist', 'CruiseControl', 'PushButtonStart', 'GpsNavigation', 'Tpms']"
11959240770,WB02**8110,777,452000,Maruti S PRESSO,Maruti,S PRESSO,VXI+,2023,"{'value': 'Manual', 'display': 'Manual'}",Hatchback,Petrol,1,1680307200000,WB02,Silver,"{'value': 21697, 'display': '21.70k km'}","{'cashDownPayment': 0, 'emiStartingValue': 8837, 'emiEndingValue': 8837, 'roiMinDiscounted': 12.0, 'roiMaxDiscounted': 12.0, 'roiMinOriginal': 12.0, 'roiMaxOriginal': 12.0, 'emiOriginalStartingValue': 8837, 'emiOriginalEndingValue': 8837, 'tenure': 72, 'displayText': 'EMI ₹8,837/m', 'notAvailableText': 'Not available on EMI'}",S PRESSO,False,15,"['InfotainmentSystem', 'Bluetooth', 'AppleCarplayAndroidAuto', 'ParkingAssist']"
10099025769,DL12**2902,132,657000,Hyundai Verna,Hyundai,Verna,1.6 VTVT SX,2017,"{'value': 'Manual', 'display': 'Manual'}",Sedan,Petrol,1,1504224000000,DL12,Silver,"{'value': 40074, 'display': '40.07k km'}","{'cashDownPayment': 0, 'emiStartingValue': 12844, 'emiEndingValue': 12844, 'roiMinDiscounted': 12.0, 'roiMaxDiscounted': 12.0, 'roiMinOriginal': 12.0, 'roiMaxOriginal': 12.0, 'emiOriginalStartingValue': 12844, 'emiOriginalEndingValue': 12844, 'tenure': 72, 'displayText': 'EMI ₹12,844/m', 'notAvailableText': 'Not available on EMI'}",Verna,False,15,"['AlloyWheels', 'Bluetooth', 'ParkingAssist', 'TopModel', 'GpsNavigation']"
10015243791,DL8C**8620,2,285000,Hyundai Grand i10,Hyundai,Grand i10,SPORTZ 1.2 KAPPA VTVT,2015,"{'value': 'Manual', 'display': 'Manual'}",Hatchback,Petrol,2,1446336000000,DL8C,Silver,"{'value': 81569, 'display': '81.57k km'}","{'cashDownPayment': 0, 'emiStartingValue': 6340, 'emiEndingValue': 6340, 'roiMinDiscounted': 12.0, 'roiMaxDiscounted': 12.0, 'roiMinOriginal': 12.0, 'roiMaxOriginal': 12.0, 'emiOriginalStartingValue': 6340, 'emiOriginalEndingValue': 6340, 'tenure': 60, 'displayText': 'EMI ₹6,340/m', 'notAvailableText': 'Not available on EMI'}",i10,False,15,"['RearAc', 'ParkingAssist']"
13301648791,*****XXXX,33,550000,Mahindra XUV500,Mahindra,XUV500,W10 1.99,2017,"{'value': 'Manual', 'display': 'Manual'}",SUV,Diesel,1,1504224000000,HR15,Silver,"{'value': 187311, 'display': '1.9L km'}","{'cashDownPayment': 0, 'emiStartingValue': 12234, 'emiEndingValue': 12234, 'roiMinDiscounted': 12.0, 'roiMaxDiscounted': 12.0, 'roiMinOriginal': 12.0, 'roiMaxOriginal': 12.0, 'emiOriginalStartingValue': 12234, 'emiOriginalEndingValue': 12234, 'tenure': 60, 'displayText': 'EMI ₹12,234/m', 'notAvailableText': 'Not available on EMI'}",XUV500,False,14,"['RearAc', 'Sunroof/Moonroof', 'LeatherSeats', 'AlloyWheels', 'Bluetooth', 'AppleCarplayAndroidAuto', 'ParkingAssist', 'CruiseControl', 'PushButtonStart', 'GpsNavigation', 'Tpms']"
20049141775,******XXXX,144,219000,Renault Duster,Renault,Duster,85 PS RXL DIESEL,2014,"{'value': 'Manual', 'display': 'Manual'}",SUV,Diesel,3,1404172800000,UP15,Brown,"{'value': 145711, 'display': '1.5L km'}","{'cashDownPayment': 0, 'emiStartingValue': 7274, 'emiEndingValue': 7274, 'roiMinDiscounted': 12.0, 'roiMaxDiscounted': 12.0, 'roiMinOriginal': 12.0, 'roiMaxOriginal': 12.0, 'emiOriginalStartingValue': 7274, 'emiOriginalEndingValue': 7274, 'tenure': 36, 'displayText': 'EMI ₹7,274/m', 'notAvailableText': 'Not available on EMI'}",Duster,False,14,"['Bluetooth', 'SpecialRegNo']"
10530022700,DL13**7916,132,295000,Maruti Swift Dzire,Maruti,Swift Dzire,VXI,2013,"{'value': 'Manual', 'display': 'Manual'}",Sedan,Petrol,1,1380585600000,DL13,Silver,"{'value': 22909, 'display': '22.91k km'}","{'cashDownPayment': 0, 'emiStartingValue': 9798, 'emiEndingValue': 9798, 'roiMinDiscounted': 12.0, 'roiMaxDiscounted': 12.0, 'roiMinOriginal': 12.0, 'roiMaxOriginal': 12.0, 'emiOriginalStartingValue': 9798, 'emiOriginalEndingValue': 9798, 'tenure': 36, 'displayText': 'EMI ₹9,798/m', 'notAvailableText': 'Not available on EMI'}",Dzire,False,15,[]
10438420768,AP10**4682,3686,584000,Maruti Ertiga,Maruti,Ertiga,ZXI,2014,"{'value': 'Manual', 'display': 'Manual'}",SUV,Petrol,1,1393632000000,AP10,White,"{'value': 50518, 'display': '50.52k km'}","{'cashDownPayment': 0, 'emiStartingValue': 15379, 'emiEndingValue': 15379, 'roiMinDiscounted': 12.0, 'roiMaxDiscounted': 12.0, 'roiMinOriginal': 12.0, 'roiMaxOriginal': 12.0, 'emiOriginalStartingValue': 15379, 'emiOriginalEndingValue': 15379, 'tenure': 48, 'displayText': 'EMI ₹15,379/m', 'notAvailableText': 'Not available on EMI'}",Ertiga,False,15,"['RearAc', 'AlloyWheels', 'TopModel']"
10582441775,DL1C*1866,134,364560,Maruti Swift Dzire,Maruti,Swift Dzire,VXI,2015,"{'value': 'Manual', 'display': 'Manual'}",Sedan,Petrol,1,1427846400000,DL1C,Silver,"{'value': 69167, 'display': '69.17k km'}","{'cashDownPayment': 0, 'emiStartingValue': 8109, 'emiEndingValue': 8109, 'roiMinDiscounted': 12.0, 'roiMaxDiscounted': 12.0, 'roiMinOriginal': 12.0, 'roiMaxOriginal': 12.0, 'emiOriginalStartingValue': 8109, 'emiOriginalEndingValue': 8109, 'tenure': 60, 'displayText': 'EMI ₹8,109/m', 'notAvailableText': 'Not available on EMI'}",Dzire,False,15,[]
41157928766,*****XXXX,158,753000,Renault TRIBER,Renault,TRIBER,RXZ,2023,"{'value': 'Manual', 'display': 'Manual'}",SUV,Petrol,1,1680307200000,UP37,Brown,"{'value': 29039, 'display': '29.04k km'}","{'cashDownPayment': 0, 'emiStartingValue': 14721, 'emiEndingValue': 14721, 'roiMinDiscounted': 12.0, 'roiMaxDiscounted': 12.0, 'roiMinOriginal': 12.0, 'roiMaxOriginal': 12.0, 'emiOriginalStartingValue': 14721, 'emiOriginalEndingValue': 14721, 'tenure': 72, 'displayText': 'EMI ₹14,721/m', 'notAvailableText': 'Not available on EMI'}",TRIBER,False,15,"['InfotainmentSystem', 'RearAc', 'Bluetooth', 'AppleCarplayAndroidAuto', 'ParkingAssist', 'PushButtonStart', 'TopModel', 'Tpms']"
12413247790,******XXXX,2598,266000,Hyundai i20,Hyundai,i20,SPORTZ 1.4 CRDI,2013,"{'value': 'Manual', 'display': 'Manual'}",Hatchback,Diesel,2,1370044800000,MH15,White,"{'value': 161200, 'display': '1.6L km'}","{'cashDownPayment': 0, 'emiStartingValue': 12522, 'emiEndingValue': 12522, 'roiMinDiscounted': 12.0, 'roiMaxDiscounted': 12.0, 'roiMinOriginal': 12.0, 'roiMaxOriginal': 12.0, 'emiOriginalStartingValue': 12522, 'emiOriginalEndingValue': 12522, 'tenure': 24, 'displayText': 'EMI ₹12,522/m', 'notAvailableText': 'Not available on EMI'}",i20,False,14,"['AlloyWheels', 'Bluetooth', 'ParkingAssist']"
10427821705,TS09**4586,3686,355000,Renault Kwid,Renault,Kwid,CLIMBER 1.0 (O),2020,"{'value': 'Manual', 'display': 'Manual'}",Hatchback,Petrol,1,1598918400000,TS09,Blue,"{'value': 39651, 'display': '39.65k km'}","{'cashDownPayment': 0, 'emiStartingValue': 6940, 'emiEndingValue': 6940, 'roiMinDiscounted': 12.0, 'roiMaxDiscounted': 12.0, 'roiMinOriginal': 12.0, 'roiMaxOriginal': 12.0, 'emiOriginalStartingValue': 6940, 'emiOriginalEndingValue': 6940, 'tenure': 72, 'displayText': 'EMI ₹6,940/m', 'notAvailableText': 'Not available on EMI'}",Kwid,False,15,"['InfotainmentSystem', 'Bluetooth', 'AppleCarplayAndroidAuto', 'ParkingAssist', 'GpsNavigation']"
DLR1000882,MH02**5502,2598,201858,Tata Nano,Tata,Nano,TWIST XTA,2016,"{'value': 'Automatic', 'display': 'Auto'}",Hatchback,Petrol,1,1485907200000,MH02,White,"{'value': 54500, 'display': '54.50k km'}","{'cashDownPayment': 0, 'emiStartingValue': 3946, 'emiEndingValue': 3946, 'roiMinDiscounted': 12.0, 'roiMaxDiscounted': 12.0, 'roiMinOriginal': 12.0, 'roiMaxOriginal': 12.0, 'emiOriginalStartingValue': 3946, 'emiOriginalEndingValue': 3946, 'tenure': 72, 'displayText': 'EMI ₹3,946/m', 'notAvailableText': 'Not available on EMI'}",Nano,False,15,['Bluetooth']
19784648799,UP85**0505,136,499000,Ford Ecosport,Ford,Ecosport,TITANIUM 1.5L PETROL,2017,"{'value': 'Manual', 'display': 'Manual'}",SUV,Petrol,1,1501545600000,UP85,Silver,"{'value': 37779, 'display': '37.78k km'}","{'cashDownPayment': 0, 'emiStartingValue': 9756, 'emiEndingValue': 9756, 'roiMinDiscounted': 12.0, 'roiMaxDiscounted': 12.0, 'roiMinOriginal': 12.0, 'roiMaxOriginal': 12.0, 'emiOriginalStartingValue': 9756, 'emiOriginalEndingValue': 9756, 'tenure': 72, 'displayText': 'EMI ₹9,756/m', 'notAvailableText': 'Not available on EMI'}",Ecosport,False,15,[]
10217341770,KA05**7852,4709,685000,Ford Ecosport,Ford,Ecosport,TITANIUM 1.5L PETROL,2018,"{'value': 'Manual', 'display': 'Manual'}",SUV,Petrol,1,1533081600000,KA05,Blue,"{'value': 68824, 'display': '68.82k km'}","{'cashDownPayment': 0, 'emiStartingValue': 13392, 'emiEndingValue': 13392, 'roiMinDiscounted': 12.0, 'roiMaxDiscounted': 12.0, 'roiMinOriginal': 12.0, 'roiMaxOriginal': 12.0, 'emiOriginalStartingValue': 13392, 'emiOriginalEndingValue': 13392, 'tenure': 72, 'displayText': 'EMI ₹13,392/m', 'notAvailableText': 'Not available on EMI'}",Ecosport,False,15,"['AlloyWheels', 'Bluetooth', 'AppleCarplayAndroidAuto', 'ParkingAssist', 'PushButtonStart', 'TopModel', 'GpsNavigation']"
DLR1000659,UP32**3808,173,995000,KIA SELTOS,KIA,SELTOS,HTE 1.5 DIESEL,2021,"{'value': 'Manual', 'display': 'Manual'}",SUV,Diesel,1,1614556800000,UP32,White,"{'value': 45811, 'display': '45.81k km'}","{'cashDownPayment': 0, 'emiStartingValue': 18939, 'emiEndingValue': 18939, 'roiMinDiscounted': 11.0, 'roiMaxDiscounted': 11.0, 'roiMinOriginal': 12.0, 'roiMaxOriginal': 12.0, 'emiOriginalStartingValue': 19452, 'emiOriginalEndingValue': 19452, 'tenure': 72, 'displayText': 'EMI ₹18,939/m', 'notAvailableText': 'Not available on EMI'}",SELTOS,False,14,"['RearAc', 'Bluetooth', 'ParkingAssist']"
11332838725,TN13*8875,6105,472000,Renault Kwid,Renault,Kwid,CLIMBER MT 1.0,2022,"{'value': 'Manual', 'display': 'Manual'}",Hatchback,Petrol,1,1669852800000,TN13,Orange,"{'value': 32711, 'display': '32.71k km'}","{'cashDownPayment': 0, 'emiStartingValue': 9228, 'emiEndingValue': 9228, 'roiMinDiscounted': 12.0, 'roiMaxDiscounted': 12.0, 'roiMinOriginal': 12.0, 'roiMaxOriginal': 12.0, 'emiOriginalStartingValue': 9228, 'emiOriginalEndingValue': 9228, 'tenure': 72, 'displayText': 'EMI ₹9,228/m', 'notAvailableText': 'Not available on EMI'}",Kwid,False,15,"['InfotainmentSystem', 'Bluetooth', 'AppleCarplayAndroidAuto', 'ParkingAssist', 'GpsNavigation']"
12431040778,******XXXX,2598,81000,Chevrolet Spark,Chevrolet,Spark,LT 1.0,2011,"{'value': 'Manual', 'display': 'Manual'}",Hatchback,Petrol,3,1317427200000,MH15,Blue,"{'value': 81476, 'display': '81.48k km'}","{'cashDownPayment': 0, 'emiStartingValue': 7197, 'emiEndingValue': 7197, 'roiMinDiscounted': 12.0, 'roiMaxDiscounted': 12.0, 'roiMinOriginal': 12.0, 'roiMaxOriginal': 12.0, 'emiOriginalStartingValue': 7197, 'emiOriginalEndingValue': 7197, 'tenure': 12, 'displayText': 'EMI ₹7,197/m', 'notAvailableText': 'Not available on EMI'}",Spark,False,15,[]
15226543754,******XXXX,2310,280000,Hyundai i20 Active,Hyundai,i20 Active,1.4 SX,2015,"{'value': 'Manual', 'display': 'Manual'}",Hatchback,Diesel,2,1454284800000,UP93,Silver,"{'value': 87624, 'display': '87.62k km'}","{'cashDownPayment': 0, 'emiStartingValue': 7373, 'emiEndingValue': 7373, 'roiMinDiscounted': 12.0, 'roiMaxDiscounted': 12.0, 'roiMinOriginal': 12.0, 'roiMaxOriginal': 12.0, 'emiOriginalStartingValue': 7373, 'emiOriginalEndingValue': 7373, 'tenure': 48, 'displayText': 'EMI ₹7,373/m', 'notAvailableText': 'Not available on EMI'}",i20,False,14,"['RearAc', 'AlloyWheels', 'Bluetooth', 'ParkingAssist', 'TopModel']"
31187223761,MP13**7668,2920,795160,Maruti Baleno,Maruti,Baleno, ZETA CNG 1.2L,2023,"{'value': 'Manual', 'display': 'Manual'}",Hatchback,CNG,1,1677628800000,MP13,White,"{'value': 15498, 'display': '15.50k km'}","{'cashDownPayment': 0, 'emiStartingValue': 15546, 'emiEndingValue': 15546, 'roiMinDiscounted': 12.0, 'roiMaxDiscounted': 12.0, 'roiMinOriginal': 12.0, 'roiMaxOriginal': 12.0, 'emiOriginalStartingValue': 15546, 'emiOriginalEndingValue': 15546, 'tenure': 72, 'displayText': 'EMI ₹15,546/m', 'notAvailableText': 'Not available on EMI'}",Baleno,False,13,"['InfotainmentSystem', 'RearAc', 'AlloyWheels', 'Bluetooth', 'AppleCarplayAndroidAuto', 'ParkingAssist', 'PushButtonStart']"
10370046710,MH43**5029,2378,800000,Maruti Ertiga,Maruti,Ertiga,ZXI+ SHVS,2019,"{'value': 'Manual', 'display': 'Manual'}",SUV,Petrol,1,1554076800000,MH43,Red,"{'value': 48775, 'display': '48.78k km'}","{'cashDownPayment': 0, 'emiStartingValue': 15227, 'emiEndingValue': 15227, 'roiMinDiscounted': 11.0, 'roiMaxDiscounted': 11.0, 'roiMinOriginal': 12.0, 'roiMaxOriginal': 12.0, 'emiOriginalStartingValue': 15640, 'emiOriginalEndingValue': 15640, 'tenure': 72, 'displayText': 'EMI ₹15,227/m', 'notAvailableText': 'Not available on EMI'}",Ertiga,False,15,"['InfotainmentSystem', 'RearAc', 'AlloyWheels', 'Bluetooth', 'AppleCarplayAndroidAuto', 'ParkingAssist', 'PushButtonStart', 'TopModel', 'GpsNavigation']"
12530344793,******XXXX,2660,612000,Maruti Ertiga,Maruti,Ertiga,VDI,2014,"{'value': 'Manual', 'display': 'Manual'}",SUV,Diesel,2,1409529600000,MH20,White,"{'value': 220702, 'display': '2.2L km'}","{'cashDownPayment': 0, 'emiStartingValue': 20327, 'emiEndingValue': 20327, 'roiMinDiscounted': 12.0, 'roiMaxDiscounted': 12.0, 'roiMinOriginal': 12.0, 'roiMaxOriginal': 12.0, 'emiOriginalStartingValue': 20327, 'emiOriginalEndingValue': 20327, 'tenure': 36, 'displayText': 'EMI ₹20,327/m', 'notAvailableText': 'Not available on EMI'}",Ertiga,False,14,"['RearAc', 'SpecialRegNo']"
DLR1001322,MH26**3856,2458,400000,Tata Tiago,Tata,Tiago,XM DIESEL,2018,"{'value': 'Manual', 'display': 'Manual'}",Hatchback,Diesel,1,1583020800000,MH26,Silver,"{'value': 113324, 'display': '1.1L km'}","{'cashDownPayment': 0, 'emiStartingValue': 8898, 'emiEndingValue': 8898, 'roiMinDiscounted': 12.0, 'roiMaxDiscounted': 12.0, 'roiMinOriginal': 12.0, 'roiMaxOriginal': 12.0, 'emiOriginalStartingValue': 8898, 'emiOriginalEndingValue': 8898, 'tenure': 60, 'displayText': 'EMI ₹8,898/m', 'notAvailableText': 'Not available on EMI'}",Tiago,False,14,[]
12510148773,MH02**1376,2423,488000,Hyundai Elite i20,Hyundai,Elite i20,SPORTZ 1.2,2017,"{'value': 'Manual', 'display': 'Manual'}",Hatchback,Petrol,2,1512086400000,MH02,White,"{'value': 54803, 'display': '54.80k km'}","{'cashDownPayment': 0, 'emiStartingValue': 9540, 'emiEndingValue': 9540, 'roiMinDiscounted': 12.0, 'roiMaxDiscounted': 12.0, 'roiMinOriginal': 12.0, 'roiMaxOriginal': 12.0, 'emiOriginalStartingValue': 9540, 'emiOriginalEndingValue': 9540, 'tenure': 72, 'displayText': 'EMI ₹9,540/m', 'notAvailableText': 'Not available on EMI'}",i20,False,15,"['RearAc', 'Bluetooth', 'ParkingAssist']"
16287347797,******XXXX,8518,1050000,Maruti XL6,Maruti,XL6,ALPHA MT,2022,"{'value': 'Manual', 'display': 'Manual'}",SUV,Petrol,1,1654041600000,JH01,Blue,"{'value': 86360, 'display': '86.36k km'}","{'cashDownPayment': 0, 'emiStartingValue': 19986, 'emiEndingValue': 19986, 'roiMinDiscounted': 11.0, 'roiMaxDiscounted': 11.0, 'roiMinOriginal': 12.0, 'roiMaxOriginal': 12.0, 'emiOriginalStartingValue': 20528, 'emiOriginalEndingValue': 20528, 'tenure': 72, 'displayText': 'EMI ₹19,986/m', 'notAvailableText': 'Not available on EMI'}",XL6,False,15,[]
13527540711,GJ05**3758,1605,220000,Hyundai Eon,Hyundai,Eon,ERA +,2016,"{'value': 'Manual', 'display': 'Manual'}",Hatchback,Petrol,1,1477958400000,GJ05,White,"{'value': 44995, 'display': '45.00k km'}","{'cashDownPayment': 0, 'emiStartingValue': 4301, 'emiEndingValue': 4301, 'roiMinDiscounted': 12.0, 'roiMaxDiscounted': 12.0, 'roiMinOriginal': 12.0, 'roiMaxOriginal': 12.0, 'emiOriginalStartingValue': 4301, 'emiOriginalEndingValue': 4301, 'tenure': 72, 'displayText': 'EMI ₹4,301/m', 'notAvailableText': 'Not available on EMI'}",Eon,False,15,[]
10239226702,TS11**0155,3686,729822,Hyundai Creta,Hyundai,Creta,SX PLUS 1.6 PETROL,2016,"{'value': 'Manual', 'display': 'Manual'}",SUV,Petrol,1,1462060800000,TS11,Black,"{'value': 53087, 'display': '53.09k km'}","{'cashDownPayment': 0, 'emiStartingValue': 14268, 'emiEndingValue': 14268, 'roiMinDiscounted': 12.0, 'roiMaxDiscounted': 12.0, 'roiMinOriginal': 12.0, 'roiMaxOriginal': 12.0, 'emiOriginalStartingValue': 14268, 'emiOriginalEndingValue': 14268, 'tenure': 72, 'displayText': 'EMI ₹14,268/m', 'notAvailableText': 'Not available on EMI'}",Creta,False,15,"['RearAc', 'AlloyWheels', 'Bluetooth', 'ParkingAssist', 'TopModel', 'GpsNavigation']"
13417846770,******XXXX,1512,750000,Mahindra XUV300,Mahindra,XUV300,W8 (O) 1.2 PETROL AMT,2021,"{'value': 'Automatic', 'display': 'Auto'}",SUV,Petrol,2,1609459200000,DL8C,Red,"{'value': 26825, 'display': '26.83k km'}","{'cashDownPayment': 0, 'emiStartingValue': 14663, 'emiEndingValue': 14663, 'roiMinDiscounted': 12.0, 'roiMaxDiscounted': 12.0, 'roiMinOriginal': 12.0, 'roiMaxOriginal': 12.0, 'emiOriginalStartingValue': 14663, 'emiOriginalEndingValue': 14663, 'tenure': 72, 'displayText': 'EMI ₹14,663/m', 'notAvailableText': 'Not available on EMI'}",XUV300,False,15,"['InfotainmentSystem', 'Sunroof/Moonroof', 'LeatherSeats', 'AlloyWheels', 'Bluetooth', 'AppleCarplayAndroidAuto', 'ParkingAssist', 'CruiseControl', 'PushButtonStart', 'TopModel', 'GpsNavigation', 'Tpms']"
10263334762,KA01**1944,4709,987000,Tata NEXON,Tata,NEXON,XZA PLUS (O) DIESEL,2021,"{'value': 'Automatic', 'display': 'Auto'}",SUV,Diesel,1,1630454400000,KA01,Silver,"{'value': 58249, 'display': '58.25k km'}","{'cashDownPayment': 0, 'emiStartingValue': 18787, 'emiEndingValue': 18787, 'roiMinDiscounted': 11.0, 'roiMaxDiscounted': 11.0, 'roiMinOriginal': 12.0, 'roiMaxOriginal': 12.0, 'emiOriginalStartingValue': 19296, 'emiOriginalEndingValue': 19296, 'tenure': 72, 'displayText': 'EMI ₹18,787/m', 'notAvailableText': 'Not available on EMI'}",NEXON,False,14,"['InfotainmentSystem', 'RearAc', 'Sunroof/Moonroof', 'AlloyWheels', 'Bluetooth', 'AppleCarplayAndroidAuto', 'ParkingAssist', 'CruiseControl', 'PushButtonStart', 'TopModel', 'Tpms']"
10847845750,KA19**1140,4709,567000,Hyundai Grand i10,Hyundai,Grand i10,ASTA 1.2 KAPPA VTVT,2019,"{'value': 'Manual', 'display': 'Manual'}",Hatchback,Petrol,1,1556668800000,KA19,Silver,"{'value': 19791, 'display': '19.79k km'}","{'cashDownPayment': 0, 'emiStartingValue': 11085, 'emiEndingValue': 11085, 'roiMinDiscounted': 12.0, 'roiMaxDiscounted': 12.0, 'roiMinOriginal': 12.0, 'roiMaxOriginal': 12.0, 'emiOriginalStartingValue': 11085, 'emiOriginalEndingValue': 11085, 'tenure': 72, 'displayText': 'EMI ₹11,085/m', 'notAvailableText': 'Not available on EMI'}",i10,False,15,"['RearAc', 'AlloyWheels', 'Bluetooth', 'AppleCarplayAndroidAuto', 'ParkingAssist', 'PushButtonStart', 'TopModel']"
12529943753,******XXXX,2660,650000,Tata PUNCH,Tata,PUNCH,PURE MT,2023,"{'value': 'Manual', 'display': 'Manual'}",SUV,Petrol,1,1688169600000,MH22,Silver,"{'value': 15882, 'display': '15.88k km'}","{'cashDownPayment': 0, 'emiStartingValue': 12708, 'emiEndingValue': 12708, 'roiMinDiscounted': 12.0, 'roiMaxDiscounted': 12.0, 'roiMinOriginal': 12.0, 'roiMaxOriginal': 12.0, 'emiOriginalStartingValue': 12708, 'emiOriginalEndingValue': 12708, 'tenure': 72, 'displayText': 'EMI ₹12,708/m', 'notAvailableText': 'Not available on EMI'}",PUNCH,False,15,['ParkingAssist']
10374047774,MH01**0996,2378,552000,Hyundai AURA,Hyundai,AURA,S 1.2 CNG,2020,"{'value': 'Manual', 'display': 'Manual'}",Sedan,CNG,1,1593561600000,MH01,Brown,"{'value': 72642, 'display': '72.64k km'}","{'cashDownPayment': 0, 'emiStartingValue': 10792, 'emiEndingValue': 10792, 'roiMinDiscounted': 12.0, 'roiMaxDiscounted': 12.0, 'roiMinOriginal': 12.0, 'roiMaxOriginal': 12.0, 'emiOriginalStartingValue': 10792, 'emiOriginalEndingValue': 10792, 'tenure': 72, 'displayText': 'EMI ₹10,792/m', 'notAvailableText': 'Not available on EMI'}",AURA,False,13,"['RearAc', 'Bluetooth', 'ParkingAssist']"
15153026769,******XXXX,404,517000,Maruti Celerio,Maruti,Celerio,VXI CNG,2022,"{'value': 'Manual', 'display': 'Manual'}",Hatchback,Petrol,1,1651363200000,DL1C,Silver,"{'value': 45947, 'display': '45.95k km'}","{'cashDownPayment': 0, 'emiStartingValue': 10107, 'emiEndingValue': 10107, 'roiMinDiscounted': 12.0, 'roiMaxDiscounted': 12.0, 'roiMinOriginal': 12.0, 'roiMaxOriginal': 12.0, 'emiOriginalStartingValue': 10107, 'emiOriginalEndingValue': 10107, 'tenure': 72, 'displayText': 'EMI ₹10,107/m', 'notAvailableText': 'Not available on EMI'}",Celerio,False,15,['ParkingAssist']
DLR1001286,MH02**1516,2598,775000,Skoda Rapid,Skoda,Rapid,STYLE 1.5 TDI AT,2018,"{'value': 'Automatic', 'display': 'Auto'}",Sedan,Diesel,1,1525132800000,MH02,Red,"{'value': 78867, 'display': '78.87k km'}","{'cashDownPayment': 0, 'emiStartingValue': 15151, 'emiEndingValue': 15151, 'roiMinDiscounted': 12.0, 'roiMaxDiscounted': 12.0, 'roiMinOriginal': 12.0, 'roiMaxOriginal': 12.0, 'emiOriginalStartingValue': 15151, 'emiOriginalEndingValue': 15151, 'tenure': 72, 'displayText': 'EMI ₹15,151/m', 'notAvailableText': 'Not available on EMI'}",Rapid,False,14,"['InfotainmentSystem', 'RearAc', 'LeatherSeats', 'AlloyWheels', 'Bluetooth', 'AppleCarplayAndroidAuto', 'ParkingAssist', 'CruiseControl', 'TopModel']"
11351543712,*****XXXX,5732,503000,Maruti Swift Dzire,Maruti,Swift Dzire,VDI ABS,2015,"{'value': 'Manual', 'display': 'Manual'}",Sedan,Diesel,1,1451606400000,TN12,Red,"{'value': 94175, 'display': '94.18k km'}","{'cashDownPayment': 0, 'emiStartingValue': 13246, 'emiEndingValue': 13246, 'roiMinDiscounted': 12.0, 'roiMaxDiscounted': 12.0, 'roiMinOriginal': 12.0, 'roiMaxOriginal': 12.0, 'emiOriginalStartingValue': 13246, 'emiOriginalEndingValue': 13246, 'tenure': 48, 'displayText': 'EMI ₹13,246/m', 'notAvailableText': 'Not available on EMI'}",Dzire,False,14,[]
24902348754,******XXXX,2889,1200000,Hyundai Creta,Hyundai,Creta,S 1.5 DIESEL,2020,"{'value': 'Manual', 'display': 'Manual'}",SUV,Diesel,2,1593561600000,MH07,White,"{'value': 134764, 'display': '1.3L km'}","{'cashDownPayment': 0, 'emiStartingValue': 26091, 'emiEndingValue': 26091, 'roiMinDiscounted': 11.0, 'roiMaxDiscounted': 11.0, 'roiMinOriginal': 12.0, 'roiMaxOriginal': 12.0, 'emiOriginalStartingValue': 26693, 'emiOriginalEndingValue': 26693, 'tenure': 60, 'displayText': 'EMI ₹26,091/m', 'notAvailableText': 'Not available on EMI'}",Creta,False,14,"['InfotainmentSystem', 'RearAc', 'Bluetooth', 'AppleCarplayAndroidAuto', 'ParkingAssist', 'CruiseControl', 'PushButtonStart', 'Tpms']"
11048042795,DL3C**7535,134,537600,Maruti Baleno,Maruti,Baleno,DELTA PETROL 1.2,2021,"{'value': 'Manual', 'display': 'Manual'}",Hatchback,Petrol,1,1633046400000,DL3C,Silver,"{'value': 56680, 'display': '56.68k km'}","{'cashDownPayment': 0, 'emiStartingValue': 10510, 'emiEndingValue': 10510, 'roiMinDiscounted': 12.0, 'roiMaxDiscounted': 12.0, 'roiMinOriginal': 12.0, 'roiMaxOriginal': 12.0, 'emiOriginalStartingValue': 10510, 'emiOriginalEndingValue': 10510, 'tenure': 72, 'displayText': 'EMI ₹10,510/m', 'notAvailableText': 'Not available on EMI'}",Baleno,False,15,"['Bluetooth', 'ParkingAssist']"
10417827760,TS13**1056,3686,816000,Hyundai Creta,Hyundai,Creta,SX PLUS AT 1.6 PETROL,2017,"{'value': 'Automatic', 'display': 'Auto'}",SUV,Petrol,1,1493596800000,TS13,Red,"{'value': 78167, 'display': '78.17k km'}","{'cashDownPayment': 0, 'emiStartingValue': 15532, 'emiEndingValue': 15532, 'roiMinDiscounted': 11.0, 'roiMaxDiscounted': 11.0, 'roiMinOriginal': 12.0, 'roiMaxOriginal': 12.0, 'emiOriginalStartingValue': 15953, 'emiOriginalEndingValue': 15953, 'tenure': 72, 'displayText': 'EMI ₹15,532/m', 'notAvailableText': 'Not available on EMI'}",Creta,False,15,"['RearAc', 'AlloyWheels', 'Bluetooth', 'AppleCarplayAndroidAuto', 'ParkingAssist', 'PushButtonStart', 'TopModel', 'GpsNavigation']"
10027844774,DL5C*1758,2,425000,Maruti Baleno,Maruti,Baleno,DELTA PETROL 1.2,2016,"{'value': 'Manual', 'display': 'Manual'}",Hatchback,Petrol,1,1467331200000,DL5C,Blue,"{'value': 20530, 'display': '20.53k km'}","{'cashDownPayment': 0, 'emiStartingValue': 8309, 'emiEndingValue': 8309, 'roiMinDiscounted': 12.0, 'roiMaxDiscounted': 12.0, 'roiMinOriginal': 12.0, 'roiMaxOriginal': 12.0, 'emiOriginalStartingValue': 8309, 'emiOriginalEndingValue': 8309, 'tenure': 72, 'displayText': 'EMI ₹8,309/m', 'notAvailableText': 'Not available on EMI'}",Baleno,False,15,"['Bluetooth', 'ParkingAssist']"
10097742715,DL4C**7322,134,715000,KIA SONET,KIA,SONET,HTK PLUS 1.2,2020,"{'value': 'Manual', 'display': 'Manual'}",SUV,Petrol,1,1604188800000,DL4C,Red,"{'value': 44197, 'display': '44.20k km'}","{'cashDownPayment': 0, 'emiStartingValue': 13978, 'emiEndingValue': 13978, 'roiMinDiscounted': 12.0, 'roiMaxDiscounted': 12.0, 'roiMinOriginal': 12.0, 'roiMaxOriginal': 12.0, 'emiOriginalStartingValue': 13978, 'emiOriginalEndingValue': 13978, 'tenure': 72, 'displayText': 'EMI ₹13,978/m', 'notAvailableText': 'Not available on EMI'}",SONET,False,15,"['InfotainmentSystem', 'RearAc', 'Bluetooth', 'AppleCarplayAndroidAuto', 'ParkingAssist']"
15163524760,******XXXX,404,438000,Hyundai Elite i20,Hyundai,Elite i20,ASTA 1.4 CRDI,2017,"{'value': 'Manual', 'display': 'Manual'}",Hatchback,Diesel,1,1517443200000,UP15,White,"{'value': 82270, 'display': '82.27k km'}","{'cashDownPayment': 0, 'emiStartingValue': 20618, 'emiEndingValue': 20618, 'roiMinDiscounted': 12.0, 'roiMaxDiscounted': 12.0, 'roiMinOriginal': 12.0, 'roiMaxOriginal': 12.0, 'emiOriginalStartingValue': 20618, 'emiOriginalEndingValue': 20618, 'tenure': 24, 'displayText': 'EMI ₹20,618/m', 'notAvailableText': 'Not available on EMI'}",i20,False,10,"['RearAc', 'AlloyWheels', 'Bluetooth', 'AppleCarplayAndroidAuto', 'ParkingAssist', 'TopModel', 'GpsNavigation']"
10669044714,MH14**8436,2423,730000,Tata Tiago,Tata,Tiago,XT Rhythm CNG,2024,"{'value': 'Manual', 'display': 'Manual'}",Hatchback,CNG,1,1711929600000,MH14,,"{'value': 22564, 'display': '22.56k km'}","{'cashDownPayment': 0, 'emiStartingValue': 14272, 'emiEndingValue': 14272, 'roiMinDiscounted': 12.0, 'roiMaxDiscounted': 12.0, 'roiMinOriginal': 12.0, 'roiMaxOriginal': 12.0, 'emiOriginalStartingValue': 14272, 'emiOriginalEndingValue': 14272, 'tenure': 72, 'displayText': 'EMI ₹14,272/m', 'notAvailableText': 'Not available on EMI'}",Tiago,False,13,"['InfotainmentSystem', 'Bluetooth', 'AppleCarplayAndroidAuto', 'ParkingAssist']"
10992425707,PB65**3504,769,384000,Hyundai GRAND I10 NIOS,Hyundai,GRAND I10 NIOS,ERA 1.2 KAPPA VTVT,2020,"{'value': 'Manual', 'display': 'Manual'}",Hatchback,Petrol,1,1596240000000,PB65,White,"{'value': 57661, 'display': '57.66k km'}","{'cashDownPayment': 0, 'emiStartingValue': 7507, 'emiEndingValue': 7507, 'roiMinDiscounted': 12.0, 'roiMaxDiscounted': 12.0, 'roiMinOriginal': 12.0, 'roiMaxOriginal': 12.0, 'emiOriginalStartingValue': 7507, 'emiOriginalEndingValue': 7507, 'tenure': 72, 'displayText': 'EMI ₹7,507/m', 'notAvailableText': 'Not available on EMI'}",i10,False,15,['ParkingAssist']
13915846754,******XXXX,173,615000,Hyundai Creta,Hyundai,Creta,SX PLUS AT 1.6 DIESEL,2017,"{'value': 'Automatic', 'display': 'Auto'}",SUV,Diesel,2,1498867200000,UP78,White,"{'value': 84323, 'display': '84.32k km'}","{'cashDownPayment': 0, 'emiStartingValue': 12023, 'emiEndingValue': 12023, 'roiMinDiscounted': 12.0, 'roiMaxDiscounted': 12.0, 'roiMinOriginal': 12.0, 'roiMaxOriginal': 12.0, 'emiOriginalStartingValue': 12023, 'emiOriginalEndingValue': 12023, 'tenure': 72, 'displayText': 'EMI ₹12,023/m', 'notAvailableText': 'Not available on EMI'}",Creta,False,14,"['RearAc', 'AlloyWheels', 'Bluetooth', 'AppleCarplayAndroidAuto', 'ParkingAssist', 'PushButtonStart', 'SpecialRegNo', 'TopModel', 'GpsNavigation']"
10274146718,KA03**3404,4709,861000,KIA SONET,KIA,SONET,HTK PLUS 1.0 IMT,2023,"{'value': 'Manual', 'display': 'Manual'}",SUV,Petrol,1,1680307200000,KA03,Black,"{'value': 32784, 'display': '32.78k km'}","{'cashDownPayment': 0, 'emiStartingValue': 16388, 'emiEndingValue': 16388, 'roiMinDiscounted': 11.0, 'roiMaxDiscounted': 11.0, 'roiMinOriginal': 12.0, 'roiMaxOriginal': 12.0, 'emiOriginalStartingValue': 16833, 'emiOriginalEndingValue': 16833, 'tenure': 72, 'displayText': 'EMI ₹16,388/m', 'notAvailableText': 'Not available on EMI'}",SONET,False,15,"['InfotainmentSystem', 'RearAc', 'Sunroof/Moonroof', 'Bluetooth', 'AppleCarplayAndroidAuto', 'ParkingAssist', 'PushButtonStart', 'Tpms']"
10255528707,KA53**5475,4709,513000,Maruti Baleno,Maruti,Baleno,DELTA PETROL 1.2,2017,"{'value': 'Manual', 'display': 'Manual'}",Hatchback,Petrol,1,1504224000000,KA53,Red,"{'value': 52426, 'display': '52.43k km'}","{'cashDownPayment': 0, 'emiStartingValue': 10029, 'emiEndingValue': 10029, 'roiMinDiscounted': 12.0, 'roiMaxDiscounted': 12.0, 'roiMinOriginal': 12.0, 'roiMaxOriginal': 12.0, 'emiOriginalStartingValue': 10029, 'emiOriginalEndingValue': 10029, 'tenure': 72, 'displayText': 'EMI ₹10,029/m', 'notAvailableText': 'Not available on EMI'}",Baleno,False,15,"['Bluetooth', 'ParkingAssist']"
13923723724,******XXXX,173,232000,Maruti Alto 800,Maruti,Alto 800,LXI,2019,"{'value': 'Manual', 'display': 'Manual'}",Hatchback,Petrol,2,1554076800000,UP78,Silver,"{'value': 61127, 'display': '61.13k km'}","{'cashDownPayment': 0, 'emiStartingValue': 4536, 'emiEndingValue': 4536, 'roiMinDiscounted': 12.0, 'roiMaxDiscounted': 12.0, 'roiMinOriginal': 12.0, 'roiMaxOriginal': 12.0, 'emiOriginalStartingValue': 4536, 'emiOriginalEndingValue': 4536, 'tenure': 72, 'displayText': 'EMI ₹4,536/m', 'notAvailableText': 'Not available on EMI'}",Alto,False,15,[]
10513124748,UP32**4043,134,665000,Honda Amaze,Honda,Amaze,1.5L I-DTEC VX,2022,"{'value': 'Manual', 'display': 'Manual'}",Sedan,Diesel,2,1643673600000,UP32,White,"{'value': 56793, 'display': '56.79k km'}","{'cashDownPayment': 0, 'emiStartingValue': 13001, 'emiEndingValue': 13001, 'roiMinDiscounted': 12.0, 'roiMaxDiscounted': 12.0, 'roiMinOriginal': 12.0, 'roiMaxOriginal': 12.0, 'emiOriginalStartingValue': 13001, 'emiOriginalEndingValue': 13001, 'tenure': 72, 'displayText': 'EMI ₹13,001/m', 'notAvailableText': 'Not available on EMI'}",Amaze,False,10,"['InfotainmentSystem', 'AlloyWheels', 'Bluetooth', 'AppleCarplayAndroidAuto', 'ParkingAssist', 'CruiseControl', 'PushButtonStart', 'TopModel']"
10189043715,HR26**5790,5,911000,Maruti XL6,Maruti,XL6,ALPHA AT,2022,"{'value': 'Automatic', 'display': 'Auto'}",SUV,Petrol,2,1640995200000,HR26,Silver,"{'value': 90841, 'display': '90.84k km'}","{'cashDownPayment': 0, 'emiStartingValue': 17340, 'emiEndingValue': 17340, 'roiMinDiscounted': 11.0, 'roiMaxDiscounted': 11.0, 'roiMinOriginal': 12.0, 'roiMaxOriginal': 12.0, 'emiOriginalStartingValue': 17810, 'emiOriginalEndingValue': 17810, 'tenure': 72, 'displayText': 'EMI ₹17,340/m', 'notAvailableText': 'Not available on EMI'}",XL6,False,15,"['InfotainmentSystem', 'RearAc', 'LeatherSeats', 'AlloyWheels', 'Bluetooth', 'AppleCarplayAndroidAuto', 'ParkingAssist', 'CruiseControl', 'PushButtonStart', 'TopModel']"
10214124723,KA41**8510,4709,476000,Hyundai Grand i10,Hyundai,Grand i10,ASTA (O) AT 1.2 KAPPA VTVT,2016,"{'value': 'Automatic', 'display': 'Auto'}",Hatchback,Petrol,2,1483228800000,KA41,White,"{'value': 24261, 'display': '24.26k km'}","{'cashDownPayment': 0, 'emiStartingValue': 9306, 'emiEndingValue': 9306, 'roiMinDiscounted': 12.0, 'roiMaxDiscounted': 12.0, 'roiMinOriginal': 12.0, 'roiMaxOriginal': 12.0, 'emiOriginalStartingValue': 9306, 'emiOriginalEndingValue': 9306, 'tenure': 72, 'displayText': 'EMI ₹9,306/m', 'notAvailableText': 'Not available on EMI'}",i10,False,15,"['RearAc', 'AlloyWheels', 'Bluetooth', 'ParkingAssist', 'PushButtonStart']"
15074029743,GJ11**3132,1606,390000,Renault Kwid,Renault,Kwid,CLIMBER AMT 1.0,2022,"{'value': 'Automatic', 'display': 'Auto'}",Hatchback,Petrol,1,1677628800000,GJ11,Silver,"{'value': 34472, 'display': '34.47k km'}","{'cashDownPayment': 0, 'emiStartingValue': 7625, 'emiEndingValue': 7625, 'roiMinDiscounted': 12.0, 'roiMaxDiscounted': 12.0, 'roiMinOriginal': 12.0, 'roiMaxOriginal': 12.0, 'emiOriginalStartingValue': 7625, 'emiOriginalEndingValue': 7625, 'tenure': 72, 'displayText': 'EMI ₹7,625/m', 'notAvailableText': 'Not available on EMI'}",Kwid,False,15,"['InfotainmentSystem', 'Bluetooth', 'AppleCarplayAndroidAuto', 'ParkingAssist', 'Tpms']"
11429624764,GJ01**6781,1692,912000,Mahindra Thar,Mahindra,Thar,LX PETROL HT 4WD AT,2021,"{'value': 'Automatic', 'display': 'Auto'}",SUV,Petrol,2,1633046400000,GJ01,Silver,"{'value': 46221, 'display': '46.22k km'}","{'cashDownPayment': 0, 'emiStartingValue': 17359, 'emiEndingValue': 17359, 'roiMinDiscounted': 11.0, 'roiMaxDiscounted': 11.0, 'roiMinOriginal': 12.0, 'roiMaxOriginal': 12.0, 'emiOriginalStartingValue': 17830, 'emiOriginalEndingValue': 17830, 'tenure': 72, 'displayText': 'EMI ₹17,359/m', 'notAvailableText': 'Not available on EMI'}",Thar,False,15,"['InfotainmentSystem', 'AlloyWheels', 'Bluetooth', 'AppleCarplayAndroidAuto', 'ParkingAssist', 'CruiseControl', 'GpsNavigation', 'Tpms']"
13498847711,******XXXX,1512,200000,Renault Kwid,Renault,Kwid,RXT 1.0,2016,"{'value': 'Manual', 'display': 'Manual'}",Hatchback,Petrol,1,1477958400000,UK07,Brown,"{'value': 106432, 'display': '1.1L km'}","{'cashDownPayment': 0, 'emiStartingValue': 4449, 'emiEndingValue': 4449, 'roiMinDiscounted': 12.0, 'roiMaxDiscounted': 12.0, 'roiMinOriginal': 12.0, 'roiMaxOriginal': 12.0, 'emiOriginalStartingValue': 4449, 'emiOriginalEndingValue': 4449, 'tenure': 60, 'displayText': 'EMI ₹4,449/m', 'notAvailableText': 'Not available on EMI'}",Kwid,False,15,"['Bluetooth', 'TopModel', 'GpsNavigation']"
11480449717,GJ01**0370,1692,473000,Hyundai NEW SANTRO,Hyundai,NEW SANTRO,SPORTZ AMT,2020,"{'value': 'Automatic', 'display': 'Auto'}",Hatchback,Petrol,1,1609459200000,GJ01,Silver,"{'value': 24647, 'display': '24.65k km'}","{'cashDownPayment': 0, 'emiStartingValue': 9247, 'emiEndingValue': 9247, 'roiMinDiscounted': 12.0, 'roiMaxDiscounted': 12.0, 'roiMinOriginal': 12.0, 'roiMaxOriginal': 12.0, 'emiOriginalStartingValue': 9247, 'emiOriginalEndingValue': 9247, 'tenure': 72, 'displayText': 'EMI ₹9,247/m', 'notAvailableText': 'Not available on EMI'}",Santro,False,15,"['InfotainmentSystem', 'RearAc', 'Bluetooth', 'AppleCarplayAndroidAuto', 'ParkingAssist']"
11004348774,DL3C**0309,2,299000,Hyundai Grand i10,Hyundai,Grand i10,MAGNA 1.2 KAPPA VTVT,2014,"{'value': 'Manual', 'display': 'Manual'}",Hatchback,Petrol,1,1406851200000,DL3C,White,"{'value': 57493, 'display': '57.49k km'}","{'cashDownPayment': 0, 'emiStartingValue': 7874, 'emiEndingValue': 7874, 'roiMinDiscounted': 12.0, 'roiMaxDiscounted': 12.0, 'roiMinOriginal': 12.0, 'roiMaxOriginal': 12.0, 'emiOriginalStartingValue': 7874, 'emiOriginalEndingValue': 7874, 'tenure': 48, 'displayText': 'EMI ₹7,874/m', 'notAvailableText': 'Not available on EMI'}",i10,False,15,['RearAc']
11351348718,TN45**7639,5732,319000,Maruti Alto,Maruti,Alto,VXI,2019,"{'value': 'Manual', 'display': 'Manual'}",Hatchback,Petrol,2,1559347200000,TN45,Silver,"{'value': 31057, 'display': '31.06k km'}","{'cashDownPayment': 0, 'emiStartingValue': 6237, 'emiEndingValue': 6237, 'roiMinDiscounted': 12.0, 'roiMaxDiscounted': 12.0, 'roiMinOriginal': 12.0, 'roiMaxOriginal': 12.0, 'emiOriginalStartingValue': 6237, 'emiOriginalEndingValue': 6237, 'tenure': 72, 'displayText': 'EMI ₹6,237/m', 'notAvailableText': 'Not available on EMI'}",Alto,False,15,"['Bluetooth', 'ParkingAssist']"
DLR1001680,MH04**2486,2423,6500000,Mercedes Benz GLC CLASS,Mercedes Benz,GLC CLASS,220d 4MATIC ,2022,"{'value': 'Automatic', 'display': 'Auto'}",SUV,Diesel,1,1648771200000,MH04,White,"{'value': 39289, 'display': '39.29k km'}","{'cashDownPayment': 0, 'emiStartingValue': 123722, 'emiEndingValue': 123722, 'roiMinDiscounted': 11.0, 'roiMaxDiscounted': 11.0, 'roiMinOriginal': 12.0, 'roiMaxOriginal': 12.0, 'emiOriginalStartingValue': 127076, 'emiOriginalEndingValue': 127076, 'tenure': 72, 'displayText': 'EMI ₹123,722/m', 'notAvailableText': 'Not available on EMI'}",GLC CLASS,False,14,"['InfotainmentSystem', 'RearAc', 'Sunroof/Moonroof', 'LeatherSeats', 'AlloyWheels', 'Bluetooth', 'AppleCarplayAndroidAuto', 'ParkingAssist', 'CruiseControl', 'PushButtonStart', '360DegreeCamera', 'GpsNavigation', 'Tpms']"
28658142771,WB24**2567,777,475000,Hyundai GRAND I10 NIOS,Hyundai,GRAND I10 NIOS,SPORTZ 1.2 KAPPA VTVT,2019,"{'value': 'Manual', 'display': 'Manual'}",Hatchback,Petrol,1,1572566400000,WB24,Blue,"{'value': 20902, 'display': '20.90k km'}","{'cashDownPayment': 0, 'emiStartingValue': 9286, 'emiEndingValue': 9286, 'roiMinDiscounted': 12.0, 'roiMaxDiscounted': 12.0, 'roiMinOriginal': 12.0, 'roiMaxOriginal': 12.0, 'emiOriginalStartingValue': 9286, 'emiOriginalEndingValue': 9286, 'tenure': 72, 'displayText': 'EMI ₹9,286/m', 'notAvailableText': 'Not available on EMI'}",i10,False,15,"['InfotainmentSystem', 'RearAc', 'AlloyWheels', 'Bluetooth', 'AppleCarplayAndroidAuto', 'ParkingAssist']"
41144249755,*****XXXX,158,220000,Honda Amaze,Honda,Amaze,1.5L I-DTEC S,2015,"{'value': 'Manual', 'display': 'Manual'}",Sedan,Diesel,1,1438387200000,UP37,White,"{'value': 162623, 'display': '1.6L km'}","{'cashDownPayment': 0, 'emiStartingValue': 5793, 'emiEndingValue': 5793, 'roiMinDiscounted': 12.0, 'roiMaxDiscounted': 12.0, 'roiMinOriginal': 12.0, 'roiMaxOriginal': 12.0, 'emiOriginalStartingValue': 5793, 'emiOriginalEndingValue': 5793, 'tenure': 48, 'displayText': 'EMI ₹5,793/m', 'notAvailableText': 'Not available on EMI'}",Amaze,False,14,[]
15104829747,******XXXX,404,1905000,Toyota Fortuner,Toyota,Fortuner,2.8 4X2 AT,2017,"{'value': 'Automatic', 'display': 'Auto'}",SUV,Diesel,1,1512086400000,UP15,Silver,"{'value': 112866, 'display': '1.1L km'}","{'cashDownPayment': 0, 'emiStartingValue': 88788, 'emiEndingValue': 88788, 'roiMinDiscounted': 11.0, 'roiMaxDiscounted': 11.0, 'roiMinOriginal': 12.0, 'roiMaxOriginal': 12.0, 'emiOriginalStartingValue': 89675, 'emiOriginalEndingValue': 89675, 'tenure': 24, 'displayText': 'EMI ₹88,788/m', 'notAvailableText': 'Not available on EMI'}",Fortuner,False,10,"['RearAc', 'LeatherSeats', 'AlloyWheels', 'Bluetooth', 'ParkingAssist', 'CruiseControl', 'PushButtonStart', 'GpsNavigation']"
11916449796,WB10*1141,777,975000,KIA SONET,KIA,SONET,	 HTX 1.0 TURBO DCT,2023,"{'value': 'Automatic', 'display': 'Auto'}",SUV,Petrol,1,1680307200000,WB10,Black,"{'value': 6557, 'display': '6.56k km'}","{'cashDownPayment': 0, 'emiStartingValue': 18558, 'emiEndingValue': 18558, 'roiMinDiscounted': 11.0, 'roiMaxDiscounted': 11.0, 'roiMinOriginal': 12.0, 'roiMaxOriginal': 12.0, 'emiOriginalStartingValue': 19061, 'emiOriginalEndingValue': 19061, 'tenure': 72, 'displayText': 'EMI ₹18,558/m', 'notAvailableText': 'Not available on EMI'}",SONET,False,15,[]
14624322740,MP04**2584,2920,605050,Tata NEXON,Tata,NEXON,XM DIESEL,2018,"{'value': 'Manual', 'display': 'Manual'}",SUV,Diesel,1,1517443200000,MP04,Silver,"{'value': 74255, 'display': '74.26k km'}","{'cashDownPayment': 0, 'emiStartingValue': 11829, 'emiEndingValue': 11829, 'roiMinDiscounted': 12.0, 'roiMaxDiscounted': 12.0, 'roiMinOriginal': 12.0, 'roiMaxOriginal': 12.0, 'emiOriginalStartingValue': 11829, 'emiOriginalEndingValue': 11829, 'tenure': 72, 'displayText': 'EMI ₹11,829/m', 'notAvailableText': 'Not available on EMI'}",NEXON,False,14,"['Bluetooth', 'ParkingAssist']"
10290443779,MH03**1274,2378,376000,Maruti Celerio,Maruti,Celerio,ZXI AMT (O),2017,"{'value': 'Automatic', 'display': 'Auto'}",Hatchback,Petrol,1,1485907200000,MH03,Silver,"{'value': 52818, 'display': '52.82k km'}","{'cashDownPayment': 0, 'emiStartingValue': 7351, 'emiEndingValue': 7351, 'roiMinDiscounted': 12.0, 'roiMaxDiscounted': 12.0, 'roiMinOriginal': 12.0, 'roiMaxOriginal': 12.0, 'emiOriginalStartingValue': 7351, 'emiOriginalEndingValue': 7351, 'tenure': 72, 'displayText': 'EMI ₹7,351/m', 'notAvailableText': 'Not available on EMI'}",Celerio,False,15,['Bluetooth']
10025243777,DL9C**4653,2,280000,Maruti Swift,Maruti,Swift,VXI,2013,"{'value': 'Manual', 'display': 'Manual'}",Hatchback,Petrol,1,1367366400000,DL9C,Silver,"{'value': 35526, 'display': '35.53k km'}","{'cashDownPayment': 0, 'emiStartingValue': 9300, 'emiEndingValue': 9300, 'roiMinDiscounted': 12.0, 'roiMaxDiscounted': 12.0, 'roiMinOriginal': 12.0, 'roiMaxOriginal': 12.0, 'emiOriginalStartingValue': 9300, 'emiOriginalEndingValue': 9300, 'tenure': 36, 'displayText': 'EMI ₹9,300/m', 'notAvailableText': 'Not available on EMI'}",Swift,False,15,[]
DLR1001070,UP78**0213,173,495000,Maruti Swift,Maruti,Swift,VXI,2019,"{'value': 'Manual', 'display': 'Manual'}",Hatchback,Petrol,1,1575158400000,UP78,Silver,"{'value': 66671, 'display': '66.67k km'}","{'cashDownPayment': 0, 'emiStartingValue': 9677, 'emiEndingValue': 9677, 'roiMinDiscounted': 12.0, 'roiMaxDiscounted': 12.0, 'roiMinOriginal': 12.0, 'roiMaxOriginal': 12.0, 'emiOriginalStartingValue': 9677, 'emiOriginalEndingValue': 9677, 'tenure': 72, 'displayText': 'EMI ₹9,677/m', 'notAvailableText': 'Not available on EMI'}",Swift,False,15,['Bluetooth']
15304727707,******XXXX,2948,1195000,Volkswagen VIRTUS,Volkswagen,VIRTUS,TOPLINE TSI 1.0 MT,2022,"{'value': 'Manual', 'display': 'Manual'}",Sedan,Petrol,1,1664582400000,MP32,Blue,"{'value': 26491, 'display': '26.49k km'}","{'cashDownPayment': 0, 'emiStartingValue': 22746, 'emiEndingValue': 22746, 'roiMinDiscounted': 11.0, 'roiMaxDiscounted': 11.0, 'roiMinOriginal': 12.0, 'roiMaxOriginal': 12.0, 'emiOriginalStartingValue': 23362, 'emiOriginalEndingValue': 23362, 'tenure': 72, 'displayText': 'EMI ₹22,746/m', 'notAvailableText': 'Not available on EMI'}",VIRTUS,False,15,"['InfotainmentSystem', 'RearAc', 'Sunroof/Moonroof', 'AlloyWheels', 'Bluetooth', 'AppleCarplayAndroidAuto', 'ParkingAssist', 'CruiseControl', 'PushButtonStart', 'VentilatedSeats', 'Tpms']"
17391245778,******XXXX,7323,650000,Renault Duster,Renault,Duster,RXS PETROL,2018,"{'value': 'Manual', 'display': 'Manual'}",SUV,Petrol,3,1541030400000,OD05,Brown,"{'value': 51379, 'display': '51.38k km'}","{'cashDownPayment': 0, 'emiStartingValue': 12708, 'emiEndingValue': 12708, 'roiMinDiscounted': 12.0, 'roiMaxDiscounted': 12.0, 'roiMinOriginal': 12.0, 'roiMaxOriginal': 12.0, 'emiOriginalStartingValue': 12708, 'emiOriginalEndingValue': 12708, 'tenure': 72, 'displayText': 'EMI ₹12,708/m', 'notAvailableText': 'Not available on EMI'}",Duster,False,15,"['InfotainmentSystem', 'RearAc', 'AlloyWheels', 'Bluetooth', 'GpsNavigation']"
10416623745,TS11**6765,3686,522000,Maruti S PRESSO,Maruti,S PRESSO,VXI PLUS (O) AMT,2023,"{'value': 'Automatic', 'display': 'Auto'}",Hatchback,Petrol,1,1704067200000,TS11,Silver,"{'value': 1261, 'display': '1.26k km'}","{'cashDownPayment': 0, 'emiStartingValue': 10205, 'emiEndingValue': 10205, 'roiMinDiscounted': 12.0, 'roiMaxDiscounted': 12.0, 'roiMinOriginal': 12.0, 'roiMaxOriginal': 12.0, 'emiOriginalStartingValue': 10205, 'emiOriginalEndingValue': 10205, 'tenure': 72, 'displayText': 'EMI ₹10,205/m', 'notAvailableText': 'Not available on EMI'}",S PRESSO,False,15,"['InfotainmentSystem', 'Bluetooth', 'AppleCarplayAndroidAuto', 'ParkingAssist']"
10051524789,HR26**6914,6,834000,Tata TIAGO NRG,Tata,TIAGO NRG, NRG XZA CNG,2024,"{'value': 'Automatic', 'display': 'Auto'}",Hatchback,CNG,1,1711929600000,HR26,White,"{'value': 19380, 'display': '19.38k km'}","{'cashDownPayment': 0, 'emiStartingValue': 15874, 'emiEndingValue': 15874, 'roiMinDiscounted': 11.0, 'roiMaxDiscounted': 11.0, 'roiMinOriginal': 12.0, 'roiMaxOriginal': 12.0, 'emiOriginalStartingValue': 16305, 'emiOriginalEndingValue': 16305, 'tenure': 72, 'displayText': 'EMI ₹15,874/m', 'notAvailableText': 'Not available on EMI'}",Tiago,False,13,[]
17837140714,KL11**8445,6356,534000,Hyundai NEW SANTRO,Hyundai,NEW SANTRO,MAGNA AMT,2021,"{'value': 'Automatic', 'display': 'Auto'}",Hatchback,Petrol,1,1630454400000,KL11,Red,"{'value': 15251, 'display': '15.25k km'}","{'cashDownPayment': 0, 'emiStartingValue': 10440, 'emiEndingValue': 10440, 'roiMinDiscounted': 12.0, 'roiMaxDiscounted': 12.0, 'roiMinOriginal': 12.0, 'roiMaxOriginal': 12.0, 'emiOriginalStartingValue': 10440, 'emiOriginalEndingValue': 10440, 'tenure': 72, 'displayText': 'EMI ₹10,440/m', 'notAvailableText': 'Not available on EMI'}",Santro,False,15,"['RearAc', 'Bluetooth', 'ParkingAssist']"
10602347792,MH12**4528,2423,501000,Tata Tiago,Tata,Tiago,XE CNG,2022,"{'value': 'Manual', 'display': 'Manual'}",Hatchback,CNG,1,1661990400000,MH12,Red,"{'value': 13823, 'display': '13.82k km'}","{'cashDownPayment': 0, 'emiStartingValue': 9795, 'emiEndingValue': 9795, 'roiMinDiscounted': 12.0, 'roiMaxDiscounted': 12.0, 'roiMinOriginal': 12.0, 'roiMaxOriginal': 12.0, 'emiOriginalStartingValue': 9795, 'emiOriginalEndingValue': 9795, 'tenure': 72, 'displayText': 'EMI ₹9,795/m', 'notAvailableText': 'Not available on EMI'}",Tiago,False,13,['ParkingAssist']
15218147713,******XXXX,2310,2265000,Mahindra XUV700,Mahindra,XUV700,AX 7 LUXURY D MT 7 STR,2024,"{'value': 'Manual', 'display': 'Manual'}",SUV,Diesel,1,1711929600000,RJ43,White,"{'value': 24421, 'display': '24.42k km'}","{'cashDownPayment': 0, 'emiStartingValue': 43112, 'emiEndingValue': 43112, 'roiMinDiscounted': 11.0, 'roiMaxDiscounted': 11.0, 'roiMinOriginal': 12.0, 'roiMaxOriginal': 12.0, 'emiOriginalStartingValue': 44281, 'emiOriginalEndingValue': 44281, 'tenure': 72, 'displayText': 'EMI ₹43,112/m', 'notAvailableText': 'Not available on EMI'}",XUV700,False,14,"['InfotainmentSystem', 'RearAc', 'Sunroof/Moonroof', 'LeatherSeats', 'AlloyWheels', 'Bluetooth', 'AppleCarplayAndroidAuto', 'ParkingAssist', 'CruiseControl', 'PushButtonStart', '360DegreeCamera', 'GpsNavigation', 'Tpms']"
DLR1000447,MH05**3567,2598,411000,Maruti Wagon R 1.0,Maruti,Wagon R 1.0,VXI,2017,"{'value': 'Manual', 'display': 'Manual'}",Hatchback,Petrol,1,1504224000000,MH05,White,"{'value': 29000, 'display': '29.00k km'}","{'cashDownPayment': 0, 'emiStartingValue': 8035, 'emiEndingValue': 8035, 'roiMinDiscounted': 12.0, 'roiMaxDiscounted': 12.0, 'roiMinOriginal': 12.0, 'roiMaxOriginal': 12.0, 'emiOriginalStartingValue': 8035, 'emiOriginalEndingValue': 8035, 'tenure': 72, 'displayText': 'EMI ₹8,035/m', 'notAvailableText': 'Not available on EMI'}",Wagon R,False,15,['TopModel']
14878748712,HR26**6458,648,455000,Maruti Baleno,Maruti,Baleno,RS 1.0 PETROL,2017,"{'value': 'Manual', 'display': 'Manual'}",Hatchback,Petrol,1,1501545600000,HR26,Silver,"{'value': 68644, 'display': '68.64k km'}","{'cashDownPayment': 0, 'emiStartingValue': 8895, 'emiEndingValue': 8895, 'roiMinDiscounted': 12.0, 'roiMaxDiscounted': 12.0, 'roiMinOriginal': 12.0, 'roiMaxOriginal': 12.0, 'emiOriginalStartingValue': 8895, 'emiOriginalEndingValue': 8895, 'tenure': 72, 'displayText': 'EMI ₹8,895/m', 'notAvailableText': 'Not available on EMI'}",Baleno,False,15,"['AlloyWheels', 'Bluetooth', 'AppleCarplayAndroidAuto', 'ParkingAssist', 'PushButtonStart', 'GpsNavigation']"
DLR1001953,CG06**1761,3460,750000,Mahindra XUV300,Mahindra,XUV300,W8 1.2 PETROL,2020,"{'value': 'Manual', 'display': 'Manual'}",SUV,Petrol,1,1601510400000,CG06,White,"{'value': 81317, 'display': '81.32k km'}","{'cashDownPayment': 0, 'emiStartingValue': 14663, 'emiEndingValue': 14663, 'roiMinDiscounted': 12.0, 'roiMaxDiscounted': 12.0, 'roiMinOriginal': 12.0, 'roiMaxOriginal': 12.0, 'emiOriginalStartingValue': 14663, 'emiOriginalEndingValue': 14663, 'tenure': 72, 'displayText': 'EMI ₹14,663/m', 'notAvailableText': 'Not available on EMI'}",XUV300,False,15,"['InfotainmentSystem', 'AlloyWheels', 'Bluetooth', 'AppleCarplayAndroidAuto', 'ParkingAssist', 'CruiseControl', 'PushButtonStart', 'TopModel', 'GpsNavigation']"
DLR1001816,OD33**1272,7323,720000,Hyundai VENUE,Hyundai,VENUE,S 1.2,2021,"{'value': 'Manual', 'display': 'Manual'}",SUV,Petrol,1,1627776000000,OD33,White,"{'value': 48460, 'display': '48.46k km'}","{'cashDownPayment': 0, 'emiStartingValue': 14076, 'emiEndingValue': 14076, 'roiMinDiscounted': 12.0, 'roiMaxDiscounted': 12.0, 'roiMinOriginal': 12.0, 'roiMaxOriginal': 12.0, 'emiOriginalStartingValue': 14076, 'emiOriginalEndingValue': 14076, 'tenure': 72, 'displayText': 'EMI ₹14,076/m', 'notAvailableText': 'Not available on EMI'}",VENUE,False,15,"['RearAc', 'Bluetooth', 'ParkingAssist']"
10050941797,DL7C*1082,132,765380,Hyundai VENUE,Hyundai,VENUE,S 1.2,2023,"{'value': 'Manual', 'display': 'Manual'}",SUV,Petrol,1,1677628800000,DL7C,Silver,"{'value': 27898, 'display': '27.90k km'}","{'cashDownPayment': 0, 'emiStartingValue': 14963, 'emiEndingValue': 14963, 'roiMinDiscounted': 12.0, 'roiMaxDiscounted': 12.0, 'roiMinOriginal': 12.0, 'roiMaxOriginal': 12.0, 'emiOriginalStartingValue': 14963, 'emiOriginalEndingValue': 14963, 'tenure': 72, 'displayText': 'EMI ₹14,963/m', 'notAvailableText': 'Not available on EMI'}",VENUE,False,15,"['InfotainmentSystem', 'RearAc', 'Bluetooth', 'ParkingAssist', 'Tpms']"
10311148713,MH01**2317,2378,570000,Hyundai i20 Active,Hyundai,i20 Active,1.2 S,2019,"{'value': 'Manual', 'display': 'Manual'}",Hatchback,Petrol,1,1567296000000,MH01,White,"{'value': 12198, 'display': '12.20k km'}","{'cashDownPayment': 0, 'emiStartingValue': 11144, 'emiEndingValue': 11144, 'roiMinDiscounted': 12.0, 'roiMaxDiscounted': 12.0, 'roiMinOriginal': 12.0, 'roiMaxOriginal': 12.0, 'emiOriginalStartingValue': 11144, 'emiOriginalEndingValue': 11144, 'tenure': 72, 'displayText': 'EMI ₹11,144/m', 'notAvailableText': 'Not available on EMI'}",i20,False,15,"['InfotainmentSystem', 'RearAc', 'AlloyWheels', 'Bluetooth', 'AppleCarplayAndroidAuto', 'ParkingAssist']"
DLR1001369,CG04**8273,3460,528691,Hyundai GRAND I10 NIOS,Hyundai,GRAND I10 NIOS,SPORTZ 1.2 KAPPA VTVT,2020,"{'value': 'Manual', 'display': 'Manual'}",Hatchback,Petrol,1,1601510400000,CG04,White,"{'value': 49442, 'display': '49.44k km'}","{'cashDownPayment': 0, 'emiStartingValue': 10336, 'emiEndingValue': 10336, 'roiMinDiscounted': 12.0, 'roiMaxDiscounted': 12.0, 'roiMinOriginal': 12.0, 'roiMaxOriginal': 12.0, 'emiOriginalStartingValue': 10336, 'emiOriginalEndingValue': 10336, 'tenure': 72, 'displayText': 'EMI ₹10,336/m', 'notAvailableText': 'Not available on EMI'}",i10,False,15,"['InfotainmentSystem', 'RearAc', 'AlloyWheels', 'Bluetooth', 'AppleCarplayAndroidAuto', 'ParkingAssist']"
10003429707,DL7C*0405,2,750000,Maruti Baleno,Maruti,Baleno,ZETA 1.2 AGS,2023,"{'value': 'Automatic', 'display': 'Auto'}",Hatchback,Petrol,1,1675209600000,DL7C,Silver,"{'value': 7638, 'display': '7.64k km'}","{'cashDownPayment': 0, 'emiStartingValue': 14663, 'emiEndingValue': 14663, 'roiMinDiscounted': 12.0, 'roiMaxDiscounted': 12.0, 'roiMinOriginal': 12.0, 'roiMaxOriginal': 12.0, 'emiOriginalStartingValue': 14663, 'emiOriginalEndingValue': 14663, 'tenure': 72, 'displayText': 'EMI ₹14,663/m', 'notAvailableText': 'Not available on EMI'}",Baleno,False,15,"['InfotainmentSystem', 'RearAc', 'AlloyWheels', 'Bluetooth', 'AppleCarplayAndroidAuto', 'ParkingAssist', 'PushButtonStart']"
13905140795,******XXXX,173,107000,Volkswagen Polo,Volkswagen,Polo,COMFORTLINE 1.2L,2011,"{'value': 'Manual', 'display': 'Manual'}",Hatchback,Diesel,3,1314835200000,UP14,Silver,"{'value': 72784, 'display': '72.78k km'}","{'cashDownPayment': 0, 'emiStartingValue': 2092, 'emiEndingValue': 2092, 'roiMinDiscounted': 12.0, 'roiMaxDiscounted': 12.0, 'roiMinOriginal': 12.0, 'roiMaxOriginal': 12.0, 'emiOriginalStartingValue': 2092, 'emiOriginalEndingValue': 2092, 'tenure': 0, 'displayText': 'EMI ₹2,092/m', 'notAvailableText': 'Not available on EMI'}",Polo,False,14,[]
10165724742,UP16**4293,132,735000,Ford Ecosport,Ford,Ecosport,TITANIUM + SE 1.5L DIESEL,2021,"{'value': 'Manual', 'display': 'Manual'}",SUV,Diesel,1,1617235200000,UP16,White,"{'value': 39839, 'display': '39.84k km'}","{'cashDownPayment': 0, 'emiStartingValue': 14369, 'emiEndingValue': 14369, 'roiMinDiscounted': 12.0, 'roiMaxDiscounted': 12.0, 'roiMinOriginal': 12.0, 'roiMaxOriginal': 12.0, 'emiOriginalStartingValue': 14369, 'emiOriginalEndingValue': 14369, 'tenure': 72, 'displayText': 'EMI ₹14,369/m', 'notAvailableText': 'Not available on EMI'}",Ecosport,False,10,['TopModel']
13922223703,******XXXX,173,154000,Volkswagen Polo,Volkswagen,Polo,HIGHLINE1.5L,2014,"{'value': 'Manual', 'display': 'Manual'}",Hatchback,Diesel,3,1427846400000,DL3C,Red,"{'value': 142262, 'display': '1.4L km'}","{'cashDownPayment': 0, 'emiStartingValue': 5115, 'emiEndingValue': 5115, 'roiMinDiscounted': 12.0, 'roiMaxDiscounted': 12.0, 'roiMinOriginal': 12.0, 'roiMaxOriginal': 12.0, 'emiOriginalStartingValue': 5115, 'emiOriginalEndingValue': 5115, 'tenure': 36, 'displayText': 'EMI ₹5,115/m', 'notAvailableText': 'Not available on EMI'}",Polo,False,14,"['AlloyWheels', 'Bluetooth', 'ParkingAssist', 'TopModel']"
15344540716,******XXXX,2948,320000,Mahindra Kuv100,Mahindra,Kuv100,K8 D 6 STR,2016,"{'value': 'Manual', 'display': 'Manual'}",SUV,Diesel,1,1456790400000,MP07,Silver,"{'value': 120349, 'display': '1.2L km'}","{'cashDownPayment': 0, 'emiStartingValue': 7118, 'emiEndingValue': 7118, 'roiMinDiscounted': 12.0, 'roiMaxDiscounted': 12.0, 'roiMinOriginal': 12.0, 'roiMaxOriginal': 12.0, 'emiOriginalStartingValue': 7118, 'emiOriginalEndingValue': 7118, 'tenure': 60, 'displayText': 'EMI ₹7,118/m', 'notAvailableText': 'Not available on EMI'}",Kuv100,False,14,"['AlloyWheels', 'Bluetooth', 'TopModel']"
10214322762,KA04**3675,4709,521000,Ford FREESTYLE,Ford,FREESTYLE,TITANIUM PLUS 1.2 PETROL,2019,"{'value': 'Manual', 'display': 'Manual'}",SUV,Petrol,2,1556668800000,KA04,White,"{'value': 31701, 'display': '31.70k km'}","{'cashDownPayment': 0, 'emiStartingValue': 10186, 'emiEndingValue': 10186, 'roiMinDiscounted': 12.0, 'roiMaxDiscounted': 12.0, 'roiMinOriginal': 12.0, 'roiMaxOriginal': 12.0, 'emiOriginalStartingValue': 10186, 'emiOriginalEndingValue': 10186, 'tenure': 72, 'displayText': 'EMI ₹10,186/m', 'notAvailableText': 'Not available on EMI'}",FREESTYLE,False,15,"['LeatherSeats', 'AlloyWheels', 'Bluetooth', 'ParkingAssist', 'PushButtonStart', 'GpsNavigation']"
16288124762,******XXXX,8518,800000,Mahindra XUV300,Mahindra,XUV300,W8 1.5 DIESEL,2019,"{'value': 'Manual', 'display': 'Manual'}",SUV,Diesel,2,1569888000000,OD05,Red,"{'value': 28430, 'display': '28.43k km'}","{'cashDownPayment': 0, 'emiStartingValue': 15227, 'emiEndingValue': 15227, 'roiMinDiscounted': 11.0, 'roiMaxDiscounted': 11.0, 'roiMinOriginal': 12.0, 'roiMaxOriginal': 12.0, 'emiOriginalStartingValue': 15640, 'emiOriginalEndingValue': 15640, 'tenure': 72, 'displayText': 'EMI ₹15,227/m', 'notAvailableText': 'Not available on EMI'}",XUV300,False,14,"['InfotainmentSystem', 'AlloyWheels', 'Bluetooth', 'AppleCarplayAndroidAuto', 'ParkingAssist', 'CruiseControl', 'PushButtonStart', 'TopModel', 'GpsNavigation']"
10190340719,HR985547,5,511000,Tata Tiago,Tata,Tiago,XZA PLUS PETROL,2020,"{'value': 'Automatic', 'display': 'Auto'}",Hatchback,Petrol,1,1609459200000,HR98,Silver,"{'value': 14236, 'display': '14.24k km'}","{'cashDownPayment': 0, 'emiStartingValue': 9990, 'emiEndingValue': 9990, 'roiMinDiscounted': 12.0, 'roiMaxDiscounted': 12.0, 'roiMinOriginal': 12.0, 'roiMaxOriginal': 12.0, 'emiOriginalStartingValue': 9990, 'emiOriginalEndingValue': 9990, 'tenure': 72, 'displayText': 'EMI ₹9,990/m', 'notAvailableText': 'Not available on EMI'}",Tiago,False,15,"['InfotainmentSystem', 'AlloyWheels', 'Bluetooth', 'AppleCarplayAndroidAuto', 'ParkingAssist']"
17329348798,******XXXX,7323,1101000,MG HECTOR,MG,HECTOR,SHARP 1.5 PETROL CVT,2021,"{'value': 'Automatic', 'display': 'Auto'}",SUV,Petrol,1,1635724800000,OD02,Red,"{'value': 36878, 'display': '36.88k km'}","{'cashDownPayment': 0, 'emiStartingValue': 20957, 'emiEndingValue': 20957, 'roiMinDiscounted': 11.0, 'roiMaxDiscounted': 11.0, 'roiMinOriginal': 12.0, 'roiMaxOriginal': 12.0, 'emiOriginalStartingValue': 21525, 'emiOriginalEndingValue': 21525, 'tenure': 72, 'displayText': 'EMI ₹20,957/m', 'notAvailableText': 'Not available on EMI'}",HECTOR,False,15,"['InfotainmentSystem', 'RearAc', 'Sunroof/Moonroof', 'LeatherSeats', 'AlloyWheels', 'Bluetooth', 'AppleCarplayAndroidAuto', 'ParkingAssist', 'CruiseControl', 'PushButtonStart', 'TopModel', '360DegreeCamera', 'VentilatedSeats', 'GpsNavigation', 'Tpms']"
17225046759,******XXXX,3460,795000,Maruti Dzire,Maruti,Dzire,ZXI Plus,2024,"{'value': 'Manual', 'display': 'Manual'}",Sedan,Petrol,1,1711929600000,CG04,White,"{'value': 5778, 'display': '5.78k km'}","{'cashDownPayment': 0, 'emiStartingValue': 15542, 'emiEndingValue': 15542, 'roiMinDiscounted': 12.0, 'roiMaxDiscounted': 12.0, 'roiMinOriginal': 12.0, 'roiMaxOriginal': 12.0, 'emiOriginalStartingValue': 15542, 'emiOriginalEndingValue': 15542, 'tenure': 72, 'displayText': 'EMI ₹15,542/m', 'notAvailableText': 'Not available on EMI'}",Dzire,False,15,"['InfotainmentSystem', 'RearAc', 'AlloyWheels', 'Bluetooth', 'AppleCarplayAndroidAuto', 'ParkingAssist', 'CruiseControl', 'PushButtonStart']"
19767924743,******XXXX,553,497000,Hyundai Creta,Hyundai,Creta,SX (O) 1.6 DIESEL,2015,"{'value': 'Manual', 'display': 'Manual'}",SUV,Diesel,1,1448928000000,UP85,White,"{'value': 217032, 'display': '2.2L km'}","{'cashDownPayment': 0, 'emiStartingValue': 13088, 'emiEndingValue': 13088, 'roiMinDiscounted': 12.0, 'roiMaxDiscounted': 12.0, 'roiMinOriginal': 12.0, 'roiMaxOriginal': 12.0, 'emiOriginalStartingValue': 13088, 'emiOriginalEndingValue': 13088, 'tenure': 48, 'displayText': 'EMI ₹13,088/m', 'notAvailableText': 'Not available on EMI'}",Creta,False,14,"['RearAc', 'LeatherSeats', 'AlloyWheels', 'Bluetooth', 'ParkingAssist', 'GpsNavigation']"
14618721701,MP04**5901,2920,480000,Tata ALTROZ,Tata,ALTROZ,XT PETROL,2020,"{'value': 'Manual', 'display': 'Manual'}",Hatchback,CNG,1,1580515200000,MP04,Silver,"{'value': 59350, 'display': '59.35k km'}","{'cashDownPayment': 0, 'emiStartingValue': 9384, 'emiEndingValue': 9384, 'roiMinDiscounted': 12.0, 'roiMaxDiscounted': 12.0, 'roiMinOriginal': 12.0, 'roiMaxOriginal': 12.0, 'emiOriginalStartingValue': 9384, 'emiOriginalEndingValue': 9384, 'tenure': 72, 'displayText': 'EMI ₹9,384/m', 'notAvailableText': 'Not available on EMI'}",ALTROZ,False,13,"['InfotainmentSystem', 'Bluetooth', 'AppleCarplayAndroidAuto', 'ParkingAssist', 'CruiseControl', 'PushButtonStart']"
11353342712,TN02**2629,5732,745000,Hyundai VENUE,Hyundai,VENUE,S 1.2,2022,"{'value': 'Manual', 'display': 'Manual'}",SUV,Petrol,1,1648771200000,TN02,Red,"{'value': 53615, 'display': '53.62k km'}","{'cashDownPayment': 0, 'emiStartingValue': 14565, 'emiEndingValue': 14565, 'roiMinDiscounted': 12.0, 'roiMaxDiscounted': 12.0, 'roiMinOriginal': 12.0, 'roiMaxOriginal': 12.0, 'emiOriginalStartingValue': 14565, 'emiOriginalEndingValue': 14565, 'tenure': 72, 'displayText': 'EMI ₹14,565/m', 'notAvailableText': 'Not available on EMI'}",VENUE,False,15,[]
10062623701,DL3C**6816,2,380000,Honda Amaze,Honda,Amaze,1.2L I-VTEC S OPT,2018,"{'value': 'Manual', 'display': 'Manual'}",Sedan,Petrol,2,1517443200000,DL3C,Silver,"{'value': 79862, 'display': '79.86k km'}","{'cashDownPayment': 0, 'emiStartingValue': 7429, 'emiEndingValue': 7429, 'roiMinDiscounted': 12.0, 'roiMaxDiscounted': 12.0, 'roiMinOriginal': 12.0, 'roiMaxOriginal': 12.0, 'emiOriginalStartingValue': 7429, 'emiOriginalEndingValue': 7429, 'tenure': 72, 'displayText': 'EMI ₹7,429/m', 'notAvailableText': 'Not available on EMI'}",Amaze,False,15,['Bluetooth']
12417648774,******XXXX,2598,1280000,Maruti XL6,Maruti,XL6,ZETA CNG,2024,"{'value': 'Manual', 'display': 'Manual'}",SUV,Petrol,1,1727740800000,MH15,White,"{'value': 5041, 'display': '5.04k km'}","{'cashDownPayment': 0, 'emiStartingValue': 24364, 'emiEndingValue': 24364, 'roiMinDiscounted': 11.0, 'roiMaxDiscounted': 11.0, 'roiMinOriginal': 12.0, 'roiMaxOriginal': 12.0, 'emiOriginalStartingValue': 25024, 'emiOriginalEndingValue': 25024, 'tenure': 72, 'displayText': 'EMI ₹24,364/m', 'notAvailableText': 'Not available on EMI'}",XL6,False,15,"['InfotainmentSystem', 'RearAc', 'AlloyWheels', 'Bluetooth', 'AppleCarplayAndroidAuto', 'ParkingAssist', 'CruiseControl', 'PushButtonStart']"
DLR1001522,PB02**2346,684,449990,Maruti Swift Dzire,Maruti,Swift Dzire,VDI,2014,"{'value': 'Manual', 'display': 'Manual'}",Sedan,Diesel,1,1398902400000,PB02,White,"{'value': 66297, 'display': '66.30k km'}","{'cashDownPayment': 0, 'emiStartingValue': 14946, 'emiEndingValue': 14946, 'roiMinDiscounted': 12.0, 'roiMaxDiscounted': 12.0, 'roiMinOriginal': 12.0, 'roiMaxOriginal': 12.0, 'emiOriginalStartingValue': 14946, 'emiOriginalEndingValue': 14946, 'tenure': 36, 'displayText': 'EMI ₹14,946/m', 'notAvailableText': 'Not available on EMI'}",Dzire,False,14,[]
10955746798,CH01**1656,769,640000,Hyundai Creta,Hyundai,Creta,SX PLUS  ANNIVERSARY EDITION 1.6 DIESEL,2016,"{'value': 'Manual', 'display': 'Manual'}",SUV,Diesel,2,1483228800000,CH01,White,"{'value': 75276, 'display': '75.28k km'}","{'cashDownPayment': 0, 'emiStartingValue': 14236, 'emiEndingValue': 14236, 'roiMinDiscounted': 12.0, 'roiMaxDiscounted': 12.0, 'roiMinOriginal': 12.0, 'roiMaxOriginal': 12.0, 'emiOriginalStartingValue': 14236, 'emiOriginalEndingValue': 14236, 'tenure': 60, 'displayText': 'EMI ₹14,236/m', 'notAvailableText': 'Not available on EMI'}",Creta,False,14,['TopModel']
DLR1001358,CG04**0211,3460,408031,Hyundai Grand i10,Hyundai,Grand i10,SPORTZ 1.2 KAPPA VTVT,2018,"{'value': 'Manual', 'display': 'Manual'}",Hatchback,Petrol,1,1525132800000,CG04,White,"{'value': 87689, 'display': '87.69k km'}","{'cashDownPayment': 0, 'emiStartingValue': 7977, 'emiEndingValue': 7977, 'roiMinDiscounted': 12.0, 'roiMaxDiscounted': 12.0, 'roiMinOriginal': 12.0, 'roiMaxOriginal': 12.0, 'emiOriginalStartingValue': 7977, 'emiOriginalEndingValue': 7977, 'tenure': 72, 'displayText': 'EMI ₹7,977/m', 'notAvailableText': 'Not available on EMI'}",i10,False,15,"['InfotainmentSystem', 'RearAc', 'Bluetooth', 'AppleCarplayAndroidAuto', 'ParkingAssist']"
20065746798,******XXXX,144,856000,Tata NEXON,Tata,NEXON,XZ PLUS PETROL SUNROOF,2022,"{'value': 'Manual', 'display': 'Manual'}",SUV,Petrol,1,1646092800000,UP21,White,"{'value': 30370, 'display': '30.37k km'}","{'cashDownPayment': 0, 'emiStartingValue': 16293, 'emiEndingValue': 16293, 'roiMinDiscounted': 11.0, 'roiMaxDiscounted': 11.0, 'roiMinOriginal': 12.0, 'roiMaxOriginal': 12.0, 'emiOriginalStartingValue': 16735, 'emiOriginalEndingValue': 16735, 'tenure': 72, 'displayText': 'EMI ₹16,293/m', 'notAvailableText': 'Not available on EMI'}",NEXON,False,15,"['InfotainmentSystem', 'RearAc', 'Sunroof/Moonroof', 'AlloyWheels', 'Bluetooth', 'AppleCarplayAndroidAuto', 'ParkingAssist', 'CruiseControl', 'PushButtonStart', 'Tpms']"
10352842772,MH03**0797,2378,363000,Maruti Alto,Maruti,Alto,LXI OPT CNG,2022,"{'value': 'Manual', 'display': 'Manual'}",Hatchback,CNG,2,1643673600000,MH03,Red,"{'value': 22684, 'display': '22.68k km'}","{'cashDownPayment': 0, 'emiStartingValue': 7097, 'emiEndingValue': 7097, 'roiMinDiscounted': 12.0, 'roiMaxDiscounted': 12.0, 'roiMinOriginal': 12.0, 'roiMaxOriginal': 12.0, 'emiOriginalStartingValue': 7097, 'emiOriginalEndingValue': 7097, 'tenure': 72, 'displayText': 'EMI ₹7,097/m', 'notAvailableText': 'Not available on EMI'}",Alto,False,13,['ParkingAssist']
11697049717,CH01**4750,769,408000,Maruti New Wagon-R,Maruti,New Wagon-R,ZXI 1.2,2019,"{'value': 'Manual', 'display': 'Manual'}",Hatchback,Petrol,1,1569888000000,CH01,Silver,"{'value': 34855, 'display': '34.86k km'}","{'cashDownPayment': 0, 'emiStartingValue': 7976, 'emiEndingValue': 7976, 'roiMinDiscounted': 12.0, 'roiMaxDiscounted': 12.0, 'roiMinOriginal': 12.0, 'roiMaxOriginal': 12.0, 'emiOriginalStartingValue': 7976, 'emiOriginalEndingValue': 7976, 'tenure': 72, 'displayText': 'EMI ₹7,976/m', 'notAvailableText': 'Not available on EMI'}",Wagon R,False,15,"['InfotainmentSystem', 'Bluetooth', 'AppleCarplayAndroidAuto', 'ParkingAssist']"
10379149793,MH47*3266,2378,335000,Hyundai Grand i10,Hyundai,Grand i10,ASTA 1.2 KAPPA VTVT,2015,"{'value': 'Manual', 'display': 'Manual'}",Hatchback,CNG,1,1435708800000,MH47,Blue,"{'value': 52804, 'display': '52.80k km'}","{'cashDownPayment': 0, 'emiStartingValue': 11127, 'emiEndingValue': 11127, 'roiMinDiscounted': 12.0, 'roiMaxDiscounted': 12.0, 'roiMinOriginal': 12.0, 'roiMaxOriginal': 12.0, 'emiOriginalStartingValue': 11127, 'emiOriginalEndingValue': 11127, 'tenure': 36, 'displayText': 'EMI ₹11,127/m', 'notAvailableText': 'Not available on EMI'}",i10,False,13,"['RearAc', 'AlloyWheels', 'Bluetooth', 'ParkingAssist', 'TopModel']"
15183729708,******XXXX,404,756000,Mahindra XUV500,Mahindra,XUV500,W9 AT,2017,"{'value': 'Automatic', 'display': 'Auto'}",SUV,Diesel,1,1533081600000,UK07,White,"{'value': 113609, 'display': '1.1L km'}","{'cashDownPayment': 0, 'emiStartingValue': 35588, 'emiEndingValue': 35588, 'roiMinDiscounted': 12.0, 'roiMaxDiscounted': 12.0, 'roiMinOriginal': 12.0, 'roiMaxOriginal': 12.0, 'emiOriginalStartingValue': 35588, 'emiOriginalEndingValue': 35588, 'tenure': 24, 'displayText': 'EMI ₹35,588/m', 'notAvailableText': 'Not available on EMI'}",XUV500,False,10,"['RearAc', 'Sunroof/Moonroof', 'AlloyWheels', 'Bluetooth', 'AppleCarplayAndroidAuto', 'ParkingAssist', 'CruiseControl', 'PushButtonStart', 'TopModel', 'GpsNavigation', 'Tpms']"
13982648715,******XXXX,173,818000,KIA SONET,KIA,SONET,HTX 1.5,2021,"{'value': 'Manual', 'display': 'Manual'}",SUV,Diesel,1,1617235200000,UP78,Black,"{'value': 104520, 'display': '1.0L km'}","{'cashDownPayment': 0, 'emiStartingValue': 17785, 'emiEndingValue': 17785, 'roiMinDiscounted': 11.0, 'roiMaxDiscounted': 11.0, 'roiMinOriginal': 12.0, 'roiMaxOriginal': 12.0, 'emiOriginalStartingValue': 18196, 'emiOriginalEndingValue': 18196, 'tenure': 60, 'displayText': 'EMI ₹17,785/m', 'notAvailableText': 'Not available on EMI'}",SONET,False,14,"['InfotainmentSystem', 'RearAc', 'Sunroof/Moonroof', 'Bluetooth', 'AppleCarplayAndroidAuto', 'ParkingAssist', 'CruiseControl', 'PushButtonStart']"
12419744796,******XXXX,2598,370000,Mahindra KUV 100 NXT,Mahindra,KUV 100 NXT,K4+ D 6 STR,2017,"{'value': 'Manual', 'display': 'Manual'}",SUV,Diesel,1,1517443200000,MH15,Silver,"{'value': 75752, 'display': '75.75k km'}","{'cashDownPayment': 0, 'emiStartingValue': 7234, 'emiEndingValue': 7234, 'roiMinDiscounted': 12.0, 'roiMaxDiscounted': 12.0, 'roiMinOriginal': 12.0, 'roiMaxOriginal': 12.0, 'emiOriginalStartingValue': 7234, 'emiOriginalEndingValue': 7234, 'tenure': 72, 'displayText': 'EMI ₹7,234/m', 'notAvailableText': 'Not available on EMI'}",KUV 100 NXT,False,14,[]
12549946751,******XXXX,2660,543000,Maruti New Wagon-R,Maruti,New Wagon-R,VXI 1.0,2021,"{'value': 'Manual', 'display': 'Manual'}",Hatchback,Petrol,1,1612137600000,MH19,White,"{'value': 47640, 'display': '47.64k km'}","{'cashDownPayment': 0, 'emiStartingValue': 10616, 'emiEndingValue': 10616, 'roiMinDiscounted': 12.0, 'roiMaxDiscounted': 12.0, 'roiMinOriginal': 12.0, 'roiMaxOriginal': 12.0, 'emiOriginalStartingValue': 10616, 'emiOriginalEndingValue': 10616, 'tenure': 72, 'displayText': 'EMI ₹10,616/m', 'notAvailableText': 'Not available on EMI'}",Wagon R,False,15,"['Bluetooth', 'ParkingAssist', 'TopModel']"
11305041756,*****XXXX,5732,510000,Mahindra TUV300,Mahindra,TUV300,T8,2016,"{'value': 'Manual', 'display': 'Manual'}",SUV,Diesel,2,1456790400000,TN68,Silver,"{'value': 70993, 'display': '70.99k km'}","{'cashDownPayment': 0, 'emiStartingValue': 11345, 'emiEndingValue': 11345, 'roiMinDiscounted': 12.0, 'roiMaxDiscounted': 12.0, 'roiMinOriginal': 12.0, 'roiMaxOriginal': 12.0, 'emiOriginalStartingValue': 11345, 'emiOriginalEndingValue': 11345, 'tenure': 60, 'displayText': 'EMI ₹11,345/m', 'notAvailableText': 'Not available on EMI'}",TUV300,False,14,"['AlloyWheels', 'Bluetooth', 'TopModel']"
11324220764,TN14*7675,5732,369000,Hyundai Grand i10,Hyundai,Grand i10,SPORTZ 1.2 KAPPA VTVT,2016,"{'value': 'Manual', 'display': 'Manual'}",Hatchback,Petrol,1,1456790400000,TN14,Orange,"{'value': 52599, 'display': '52.60k km'}","{'cashDownPayment': 0, 'emiStartingValue': 7214, 'emiEndingValue': 7214, 'roiMinDiscounted': 12.0, 'roiMaxDiscounted': 12.0, 'roiMinOriginal': 12.0, 'roiMaxOriginal': 12.0, 'emiOriginalStartingValue': 7214, 'emiOriginalEndingValue': 7214, 'tenure': 72, 'displayText': 'EMI ₹7,214/m', 'notAvailableText': 'Not available on EMI'}",i10,False,15,"['RearAc', 'ParkingAssist']"
15321843711,******XXXX,2948,850000,Hyundai VENUE,Hyundai,VENUE,SX 1.0 TURBO IMT,2022,"{'value': 'Manual', 'display': 'Manual'}",SUV,Petrol,1,1648771200000,MP13,White,"{'value': 726, 'display': '726 km'}","{'cashDownPayment': 0, 'emiStartingValue': 16179, 'emiEndingValue': 16179, 'roiMinDiscounted': 11.0, 'roiMaxDiscounted': 11.0, 'roiMinOriginal': 12.0, 'roiMaxOriginal': 12.0, 'emiOriginalStartingValue': 16618, 'emiOriginalEndingValue': 16618, 'tenure': 72, 'displayText': 'EMI ₹16,179/m', 'notAvailableText': 'Not available on EMI'}",VENUE,False,15,"['InfotainmentSystem', 'RearAc', 'Sunroof/Moonroof', 'Bluetooth', 'AppleCarplayAndroidAuto', 'ParkingAssist', 'CruiseControl', 'TopModel']"
DLR1000078,MH48*2884,2598,250000,Maruti Alto 800,Maruti,Alto 800,LXI O,2015,"{'value': 'Manual', 'display': 'Manual'}",Hatchback,Petrol,2,1412121600000,MH48,Silver,"{'value': 60640, 'display': '60.64k km'}","{'cashDownPayment': 0, 'emiStartingValue': 5561, 'emiEndingValue': 5561, 'roiMinDiscounted': 12.0, 'roiMaxDiscounted': 12.0, 'roiMinOriginal': 12.0, 'roiMaxOriginal': 12.0, 'emiOriginalStartingValue': 5561, 'emiOriginalEndingValue': 5561, 'tenure': 60, 'displayText': 'EMI ₹5,561/m', 'notAvailableText': 'Not available on EMI'}",Alto,False,15,[]
10204727771,KA04**7697,4709,999000,KIA SELTOS,KIA,SELTOS,HTE 1.5 PETROL,2022,"{'value': 'Manual', 'display': 'Manual'}",SUV,Petrol,1,1675209600000,KA04,White,"{'value': 27959, 'display': '27.96k km'}","{'cashDownPayment': 0, 'emiStartingValue': 19015, 'emiEndingValue': 19015, 'roiMinDiscounted': 11.0, 'roiMaxDiscounted': 11.0, 'roiMinOriginal': 12.0, 'roiMaxOriginal': 12.0, 'emiOriginalStartingValue': 19531, 'emiOriginalEndingValue': 19531, 'tenure': 72, 'displayText': 'EMI ₹19,015/m', 'notAvailableText': 'Not available on EMI'}",SELTOS,False,15,"['RearAc', 'Bluetooth', 'ParkingAssist', 'Tpms']"
19781440774,******XXXX,553,238000,Renault Kwid,Renault,Kwid,RXT 0.8 (O),2018,"{'value': 'Manual', 'display': 'Manual'}",Hatchback,Petrol,1,1541030400000,RJ05,Silver,"{'value': 111957, 'display': '1.1L km'}","{'cashDownPayment': 0, 'emiStartingValue': 5294, 'emiEndingValue': 5294, 'roiMinDiscounted': 12.0, 'roiMaxDiscounted': 12.0, 'roiMinOriginal': 12.0, 'roiMaxOriginal': 12.0, 'emiOriginalStartingValue': 5294, 'emiOriginalEndingValue': 5294, 'tenure': 60, 'displayText': 'EMI ₹5,294/m', 'notAvailableText': 'Not available on EMI'}",Kwid,False,15,"['InfotainmentSystem', 'Bluetooth', 'ParkingAssist', 'TopModel', 'GpsNavigation']"
DLR1000735,UK07**9904,1512,425464,Maruti IGNIS,Maruti,IGNIS,DELTA 1.2,2018,"{'value': 'Manual', 'display': 'Manual'}",Hatchback,Petrol,1,1541030400000,UK07,Black,"{'value': 27000, 'display': '27.00k km'}","{'cashDownPayment': 0, 'emiStartingValue': 8318, 'emiEndingValue': 8318, 'roiMinDiscounted': 12.0, 'roiMaxDiscounted': 12.0, 'roiMinOriginal': 12.0, 'roiMaxOriginal': 12.0, 'emiOriginalStartingValue': 8318, 'emiOriginalEndingValue': 8318, 'tenure': 72, 'displayText': 'EMI ₹8,318/m', 'notAvailableText': 'Not available on EMI'}",IGNIS,False,15,"['InfotainmentSystem', 'Bluetooth']"
15119922741,******XXXX,404,380000,Maruti Swift Dzire,Maruti,Swift Dzire,VXI,2016,"{'value': 'Manual', 'display': 'Manual'}",Sedan,Petrol,1,1483228800000,UP15,Silver,"{'value': 63989, 'display': '63.99k km'}","{'cashDownPayment': 0, 'emiStartingValue': 7429, 'emiEndingValue': 7429, 'roiMinDiscounted': 12.0, 'roiMaxDiscounted': 12.0, 'roiMinOriginal': 12.0, 'roiMaxOriginal': 12.0, 'emiOriginalStartingValue': 7429, 'emiOriginalEndingValue': 7429, 'tenure': 72, 'displayText': 'EMI ₹7,429/m', 'notAvailableText': 'Not available on EMI'}",Dzire,False,15,[]
15188321708,******XXXX,404,431000,Maruti S PRESSO,Maruti,S PRESSO,VXI,2022,"{'value': 'Manual', 'display': 'Manual'}",Hatchback,Petrol,1,1675209600000,UP15,Silver,"{'value': 4950, 'display': '4.95k km'}","{'cashDownPayment': 0, 'emiStartingValue': 8426, 'emiEndingValue': 8426, 'roiMinDiscounted': 12.0, 'roiMaxDiscounted': 12.0, 'roiMinOriginal': 12.0, 'roiMaxOriginal': 12.0, 'emiOriginalStartingValue': 8426, 'emiOriginalEndingValue': 8426, 'tenure': 72, 'displayText': 'EMI ₹8,426/m', 'notAvailableText': 'Not available on EMI'}",S PRESSO,False,15,"['Bluetooth', 'ParkingAssist']"
10177847713,DL3C**0953,2,750000,Tata PUNCH,Tata,PUNCH,ADVENTURE MT CNG ,2024,"{'value': 'Manual', 'display': 'Manual'}",SUV,CNG,1,1704067200000,DL3C,White,"{'value': 22676, 'display': '22.68k km'}","{'cashDownPayment': 0, 'emiStartingValue': 14663, 'emiEndingValue': 14663, 'roiMinDiscounted': 12.0, 'roiMaxDiscounted': 12.0, 'roiMinOriginal': 12.0, 'roiMaxOriginal': 12.0, 'emiOriginalStartingValue': 14663, 'emiOriginalEndingValue': 14663, 'tenure': 72, 'displayText': 'EMI ₹14,663/m', 'notAvailableText': 'Not available on EMI'}",PUNCH,False,13,"['Bluetooth', 'ParkingAssist']"
15791641719,******XXXX,3119,634000,Hyundai NEW I20,Hyundai,NEW I20,SPORTZ 1.2 MT,2022,"{'value': 'Manual', 'display': 'Manual'}",Hatchback,Petrol,1,1648771200000,MP20,White,"{'value': 40944, 'display': '40.94k km'}","{'cashDownPayment': 0, 'emiStartingValue': 12395, 'emiEndingValue': 12395, 'roiMinDiscounted': 12.0, 'roiMaxDiscounted': 12.0, 'roiMinOriginal': 12.0, 'roiMaxOriginal': 12.0, 'emiOriginalStartingValue': 12395, 'emiOriginalEndingValue': 12395, 'tenure': 72, 'displayText': 'EMI ₹12,395/m', 'notAvailableText': 'Not available on EMI'}",i20,False,15,"['InfotainmentSystem', 'RearAc', 'Bluetooth', 'AppleCarplayAndroidAuto', 'ParkingAssist', 'Tpms']"
11419246750,GJ01**0238,1692,488000,Maruti Baleno,Maruti,Baleno,DELTA PETROL 1.2,2019,"{'value': 'Manual', 'display': 'Manual'}",Hatchback,Petrol,2,1561939200000,GJ01,Red,"{'value': 35932, 'display': '35.93k km'}","{'cashDownPayment': 0, 'emiStartingValue': 9540, 'emiEndingValue': 9540, 'roiMinDiscounted': 12.0, 'roiMaxDiscounted': 12.0, 'roiMinOriginal': 12.0, 'roiMaxOriginal': 12.0, 'emiOriginalStartingValue': 9540, 'emiOriginalEndingValue': 9540, 'tenure': 72, 'displayText': 'EMI ₹9,540/m', 'notAvailableText': 'Not available on EMI'}",Baleno,False,15,"['Bluetooth', 'ParkingAssist']"
10079549772,DL2C**9050,134,1277000,Tata Harrier,Tata,Harrier,XZ PLUS 2.0L DARK EDITION,2020,"{'value': 'Manual', 'display': 'Manual'}",SUV,Diesel,1,1601510400000,DL2C,Black,"{'value': 66912, 'display': '66.91k km'}","{'cashDownPayment': 0, 'emiStartingValue': 27765, 'emiEndingValue': 27765, 'roiMinDiscounted': 11.0, 'roiMaxDiscounted': 11.0, 'roiMinOriginal': 12.0, 'roiMaxOriginal': 12.0, 'emiOriginalStartingValue': 28406, 'emiOriginalEndingValue': 28406, 'tenure': 60, 'displayText': 'EMI ₹27,765/m', 'notAvailableText': 'Not available on EMI'}",Harrier,False,10,"['InfotainmentSystem', 'RearAc', 'Sunroof/Moonroof', 'LeatherSeats', 'AlloyWheels', 'Bluetooth', 'AppleCarplayAndroidAuto', 'ParkingAssist', 'CruiseControl', 'PushButtonStart']"
19457825742,HR85*9696,73,890000,MG ASTOR,MG,ASTOR,STYLE 1.5 MT,2023,"{'value': 'Manual', 'display': 'Manual'}",SUV,Petrol,1,1693526400000,HR85,White,"{'value': 3499, 'display': '3.50k km'}","{'cashDownPayment': 0, 'emiStartingValue': 16940, 'emiEndingValue': 16940, 'roiMinDiscounted': 11.0, 'roiMaxDiscounted': 11.0, 'roiMinOriginal': 12.0, 'roiMaxOriginal': 12.0, 'emiOriginalStartingValue': 17400, 'emiOriginalEndingValue': 17400, 'tenure': 72, 'displayText': 'EMI ₹16,940/m', 'notAvailableText': 'Not available on EMI'}",ASTOR,False,15,"['InfotainmentSystem', 'RearAc', 'Bluetooth', 'AppleCarplayAndroidAuto', 'ParkingAssist']"
11334547754,*****XXXX,5732,340000,Hyundai Grand i10,Hyundai,Grand i10,ASTA 1.2 KAPPA VTVT,2014,"{'value': 'Manual', 'display': 'Manual'}",Hatchback,Petrol,1,1420070400000,TN19,Orange,"{'value': 82502, 'display': '82.50k km'}","{'cashDownPayment': 0, 'emiStartingValue': 8954, 'emiEndingValue': 8954, 'roiMinDiscounted': 12.0, 'roiMaxDiscounted': 12.0, 'roiMinOriginal': 12.0, 'roiMaxOriginal': 12.0, 'emiOriginalStartingValue': 8954, 'emiOriginalEndingValue': 8954, 'tenure': 48, 'displayText': 'EMI ₹8,954/m', 'notAvailableText': 'Not available on EMI'}",i10,False,15,"['RearAc', 'AlloyWheels', 'Bluetooth', 'ParkingAssist', 'TopModel']"
10394125720,MH02**6528,2378,386000,Maruti Ciaz,Maruti,Ciaz,ZXI,2015,"{'value': 'Manual', 'display': 'Manual'}",Sedan,Petrol,1,1425168000000,MH02,Brown,"{'value': 96722, 'display': '96.72k km'}","{'cashDownPayment': 0, 'emiStartingValue': 8586, 'emiEndingValue': 8586, 'roiMinDiscounted': 12.0, 'roiMaxDiscounted': 12.0, 'roiMinOriginal': 12.0, 'roiMaxOriginal': 12.0, 'emiOriginalStartingValue': 8586, 'emiOriginalEndingValue': 8586, 'tenure': 60, 'displayText': 'EMI ₹8,586/m', 'notAvailableText': 'Not available on EMI'}",Ciaz,False,15,"['RearAc', 'AlloyWheels', 'Bluetooth', 'ParkingAssist']"
10412348750,TS07**3807,3686,297000,Datsun Redi Go,Datsun,Redi Go,S 1.0 AMT,2019,"{'value': 'Automatic', 'display': 'Auto'}",Hatchback,Petrol,1,1577836800000,TS07,Red,"{'value': 42283, 'display': '42.28k km'}","{'cashDownPayment': 0, 'emiStartingValue': 5806, 'emiEndingValue': 5806, 'roiMinDiscounted': 12.0, 'roiMaxDiscounted': 12.0, 'roiMinOriginal': 12.0, 'roiMaxOriginal': 12.0, 'emiOriginalStartingValue': 5806, 'emiOriginalEndingValue': 5806, 'tenure': 72, 'displayText': 'EMI ₹5,806/m', 'notAvailableText': 'Not available on EMI'}",Redi Go,False,15,['Bluetooth']
12490721704,******XXXX,2598,305000,Hyundai Verna,Hyundai,Verna,FLUIDIC 1.6 VTVT SX,2013,"{'value': 'Manual', 'display': 'Manual'}",Sedan,Petrol,2,1367366400000,MH04,White,"{'value': 90538, 'display': '90.54k km'}","{'cashDownPayment': 0, 'emiStartingValue': 10130, 'emiEndingValue': 10130, 'roiMinDiscounted': 12.0, 'roiMaxDiscounted': 12.0, 'roiMinOriginal': 12.0, 'roiMaxOriginal': 12.0, 'emiOriginalStartingValue': 10130, 'emiOriginalEndingValue': 10130, 'tenure': 36, 'displayText': 'EMI ₹10,130/m', 'notAvailableText': 'Not available on EMI'}",Verna,False,15,"['AlloyWheels', 'Bluetooth', 'ParkingAssist', 'TopModel']"
DLR1001413,UP14**7322,173,525000,Maruti Vitara Brezza,Maruti,Vitara Brezza,LDI (O),2017,"{'value': 'Manual', 'display': 'Manual'}",SUV,Diesel,2,1506816000000,UP14,Silver,"{'value': 87276, 'display': '87.28k km'}","{'cashDownPayment': 0, 'emiStartingValue': 10264, 'emiEndingValue': 10264, 'roiMinDiscounted': 12.0, 'roiMaxDiscounted': 12.0, 'roiMinOriginal': 12.0, 'roiMaxOriginal': 12.0, 'emiOriginalStartingValue': 10264, 'emiOriginalEndingValue': 10264, 'tenure': 72, 'displayText': 'EMI ₹10,264/m', 'notAvailableText': 'Not available on EMI'}",Brezza,False,14,['Bluetooth']
11464824743,GJ01**1069,1692,443000,Maruti Baleno,Maruti,Baleno,ZETA PETROL 1.2,2018,"{'value': 'Manual', 'display': 'Manual'}",Hatchback,Petrol,1,1546300800000,GJ01,Blue,"{'value': 98112, 'display': '98.11k km'}","{'cashDownPayment': 0, 'emiStartingValue': 8661, 'emiEndingValue': 8661, 'roiMinDiscounted': 12.0, 'roiMaxDiscounted': 12.0, 'roiMinOriginal': 12.0, 'roiMaxOriginal': 12.0, 'emiOriginalStartingValue': 8661, 'emiOriginalEndingValue': 8661, 'tenure': 72, 'displayText': 'EMI ₹8,661/m', 'notAvailableText': 'Not available on EMI'}",Baleno,False,15,"['AlloyWheels', 'Bluetooth', 'ParkingAssist', 'PushButtonStart']"
17176742770,******XXXX,6059,515000,Volkswagen Polo,Volkswagen,Polo,GT TSI AT,2018,"{'value': 'Automatic', 'display': 'Auto'}",Hatchback,Petrol,3,1535760000000,TN57,White,"{'value': 70743, 'display': '70.74k km'}","{'cashDownPayment': 0, 'emiStartingValue': 10068, 'emiEndingValue': 10068, 'roiMinDiscounted': 12.0, 'roiMaxDiscounted': 12.0, 'roiMinOriginal': 12.0, 'roiMaxOriginal': 12.0, 'emiOriginalStartingValue': 10068, 'emiOriginalEndingValue': 10068, 'tenure': 72, 'displayText': 'EMI ₹10,068/m', 'notAvailableText': 'Not available on EMI'}",Polo,False,15,"['AlloyWheels', 'Bluetooth', 'ParkingAssist', 'CruiseControl']"
10339044712,MH46**7193,2378,590000,Tata Tiago,Tata,Tiago,XM CNG,2023,"{'value': 'Manual', 'display': 'Manual'}",Hatchback,CNG,1,1682899200000,MH46,Blue,"{'value': 33299, 'display': '33.30k km'}","{'cashDownPayment': 0, 'emiStartingValue': 11535, 'emiEndingValue': 11535, 'roiMinDiscounted': 12.0, 'roiMaxDiscounted': 12.0, 'roiMinOriginal': 12.0, 'roiMaxOriginal': 12.0, 'emiOriginalStartingValue': 11535, 'emiOriginalEndingValue': 11535, 'tenure': 72, 'displayText': 'EMI ₹11,535/m', 'notAvailableText': 'Not available on EMI'}",Tiago,False,13,"['Bluetooth', 'ParkingAssist']"
13022925766,KL04**3388,6356,410000,Volkswagen Ameo,Volkswagen,Ameo,HIGHLINE1.2L PLUS 16 ALLOY,2017,"{'value': 'Manual', 'display': 'Manual'}",Sedan,Petrol,1,1504224000000,KL04,White,"{'value': 78876, 'display': '78.88k km'}","{'cashDownPayment': 0, 'emiStartingValue': 8016, 'emiEndingValue': 8016, 'roiMinDiscounted': 12.0, 'roiMaxDiscounted': 12.0, 'roiMinOriginal': 12.0, 'roiMaxOriginal': 12.0, 'emiOriginalStartingValue': 8016, 'emiOriginalEndingValue': 8016, 'tenure': 72, 'displayText': 'EMI ₹8,016/m', 'notAvailableText': 'Not available on EMI'}",Ameo,False,15,"['RearAc', 'AlloyWheels', 'Bluetooth', 'ParkingAssist', 'CruiseControl', 'TopModel']"
17333340710,*****XXXX,7323,337000,Maruti Baleno,Maruti,Baleno,ZETA PETROL 1.2,2016,"{'value': 'Manual', 'display': 'Manual'}",Hatchback,Petrol,1,1462060800000,OD33,Red,"{'value': 60922, 'display': '60.92k km'}","{'cashDownPayment': 0, 'emiStartingValue': 6588, 'emiEndingValue': 6588, 'roiMinDiscounted': 12.0, 'roiMaxDiscounted': 12.0, 'roiMinOriginal': 12.0, 'roiMaxOriginal': 12.0, 'emiOriginalStartingValue': 6588, 'emiOriginalEndingValue': 6588, 'tenure': 72, 'displayText': 'EMI ₹6,588/m', 'notAvailableText': 'Not available on EMI'}",Baleno,False,15,"['AlloyWheels', 'Bluetooth', 'ParkingAssist']"
